customer_id,region,state,customer_segment,signup_date
1,West,NV,Standard,2022-04-26
2,Midwest,WI,Standard,2024-09-04
3,Midwest,OH,Standard,2023-01-26
4,West,CA,Standard,2023-04-13
5,West,CA,Standard,2022-06-30
6,Midwest,MN,Standard,2022-10-23
7,Southeast,NC,Standard,2023-07-23
8,Southwest,TX,Standard,2022-10-06
9,Southeast,GA,Premium,2022-06-12
10,West,OR,Standard,2023-07-05
11,Northeast,CT,Standard,2023-11-26
12,Southwest,TX,Standard,2024-12-15
13,Southeast,VA,Standard,2023-02-09
14,Southeast,TN,Standard,2023-11-25
15,Midwest,IL,Standard,2023-07-11
16,Southwest,NM,Standard,2024-01-12
17,Northeast,PA,Premium,2023-01-17
18,Northeast,NY,Standard,2023-02-28
19,West,CA,Standard,2024-03-16
20,Northeast,MA,Standard,2023-12-24
21,West,CA,Standard,2022-10-13
22,West,CO,Standard,2024-08-24
23,Northeast,NY,Standard,2024-03-05
24,West,CA,Standard,2022-04-03
25,Northeast,NJ,Standard,2023-02-12
26,West,CA,Standard,2022-06-26
27,Midwest,MI,Standard,2022-09-03
28,Southwest,TX,Standard,2022-07-15
29,Southeast,NC,Standard,2023-09-15
30,Northeast,PA,Standard,2022-10-02
31,Midwest,MN,Standard,2024-09-19
32,Midwest,MN,Standard,2023-09-24
33,Midwest,MN,Standard,2023-07-01
34,Midwest,IL,Standard,2024-12-25
35,Midwest,MN,Premium,2024-03-29
36,West,NV,Standard,2024-11-24
37,West,CA,Standard,2022-12-01
38,Northeast,NY,Standard,2022-07-05
39,Midwest,OH,VIP,2022-03-19
40,Northeast,MA,Standard,2022-11-20
41,Southeast,FL,Standard,2024-02-16
42,Midwest,OH,Premium,2024-06-06
43,West,NV,Standard,2022-01-06
44,Southwest,OK,Standard,2024-02-08
45,West,CO,Premium,2022-01-31
46,Midwest,MI,Standard,2023-08-18
47,Southeast,GA,Premium,2022-10-02
48,Northeast,PA,Standard,2023-07-26
49,Southwest,OK,VIP,2023-05-16
50,West,CO,Standard,2024-02-05
51,Northeast,CT,VIP,2024-02-22
52,Northeast,PA,Standard,2022-03-27
53,Northeast,CT,Standard,2023-04-15
54,Southwest,TX,Standard,2022-06-21
55,Southeast,FL,Standard,2022-11-03
56,West,NV,Standard,2023-04-05
57,Southeast,NC,Premium,2022-01-16
58,Northeast,CT,Standard,2022-12-07
59,West,NV,Standard,2022-04-18
60,Midwest,WI,Standard,2023-04-21
61,Southeast,GA,VIP,2024-08-28
62,Southeast,GA,Standard,2023-07-05
63,West,NV,Standard,2023-11-06
64,West,WA,Standard,2023-10-04
65,West,CO,Standard,2023-12-06
66,Midwest,MI,Premium,2023-11-17
67,West,WA,Standard,2022-10-27
68,Northeast,MA,Standard,2023-11-08
69,Southeast,GA,Standard,2024-07-14
70,Northeast,MA,Standard,2023-06-28
71,Southwest,AZ,Standard,2024-08-18
72,Southwest,TX,VIP,2023-08-24
73,Midwest,MI,VIP,2023-03-28
74,Southeast,TN,Standard,2024-01-15
75,Southwest,NM,Standard,2024-09-15
76,Midwest,IL,Standard,2024-09-07
77,Southeast,VA,VIP,2024-07-16
78,Southeast,VA,VIP,2024-11-06
79,Midwest,MN,Standard,2023-10-22
80,Midwest,MN,Premium,2024-05-16
81,West,NV,VIP,2024-12-02
82,West,WA,Standard,2024-08-30
83,Southeast,GA,VIP,2024-01-24
84,West,CA,Standard,2022-04-03
85,Southwest,AZ,Standard,2024-09-03
86,Northeast,CT,Standard,2024-12-16
87,Southeast,FL,Premium,2022-09-17
88,West,NV,Premium,2023-02-17
89,Northeast,CT,Standard,2024-02-12
90,Southeast,NC,Standard,2023-06-24
91,Northeast,NJ,Standard,2024-03-22
92,Southwest,NM,Standard,2024-03-27
93,Midwest,IL,Standard,2022-11-09
94,West,NV,VIP,2022-01-14
95,West,NV,Standard,2022-02-17
96,West,CO,Standard,2023-08-30
97,West,WA,Standard,2022-08-26
98,Southeast,FL,Standard,2023-10-02
99,West,CA,Premium,2024-11-15
100,Northeast,NJ,Standard,2023-01-03
101,Northeast,NJ,Standard,2023-01-22
102,Midwest,WI,Standard,2022-10-12
103,Midwest,IL,Standard,2023-03-27
104,Midwest,MN,Standard,2022-03-25
105,West,OR,Premium,2023-11-03
106,Southeast,GA,Standard,2022-06-30
107,Southeast,FL,Standard,2024-12-14
108,Southeast,GA,Standard,2024-11-28
109,West,NV,Standard,2022-02-10
110,Northeast,CT,Standard,2024-08-04
111,West,NV,VIP,2023-09-01
112,Southwest,TX,Premium,2023-02-18
113,Southeast,FL,Standard,2024-11-10
114,Midwest,IL,Standard,2023-11-08
115,Southeast,GA,Standard,2023-06-06
116,West,WA,Premium,2023-08-28
117,Midwest,MI,Standard,2022-05-27
118,Northeast,CT,Standard,2024-02-10
119,Northeast,NJ,VIP,2023-10-28
120,Southwest,NM,Standard,2024-09-17
121,Southeast,FL,Premium,2023-03-11
122,Southwest,NM,Standard,2024-05-22
123,Midwest,IL,Standard,2022-10-10
124,Midwest,OH,Standard,2023-01-16
125,Northeast,PA,Standard,2022-03-25
126,Northeast,PA,Standard,2023-12-03
127,Northeast,NY,Premium,2023-06-03
128,Southwest,AZ,Standard,2022-09-03
129,West,WA,Standard,2022-07-13
130,Northeast,NY,Standard,2023-01-25
131,West,CA,Standard,2024-01-26
132,Northeast,NY,Standard,2024-01-24
133,Midwest,MI,VIP,2022-03-08
134,Southeast,FL,Standard,2023-10-17
135,West,WA,Premium,2023-08-05
136,Southwest,AZ,Standard,2022-10-04
137,Southwest,NM,Premium,2024-03-31
138,Northeast,MA,Standard,2023-08-07
139,Southeast,FL,Premium,2022-07-19
140,Midwest,IL,Standard,2022-12-25
141,Northeast,NY,Standard,2023-06-03
142,Southeast,FL,Standard,2022-04-06
143,Midwest,OH,Standard,2023-10-05
144,Midwest,OH,Standard,2023-02-02
145,Southwest,AZ,Standard,2023-06-30
146,Southeast,FL,Standard,2022-04-22
147,Northeast,NJ,Premium,2022-04-07
148,West,CA,Standard,2023-07-29
149,Southeast,VA,VIP,2024-09-08
150,Midwest,MI,Premium,2024-06-13
151,Southeast,NC,Premium,2024-02-26
152,Midwest,OH,Standard,2024-04-22
153,Northeast,NJ,Standard,2023-07-10
154,Southeast,FL,Standard,2022-11-13
155,Midwest,MI,VIP,2022-12-18
156,Midwest,OH,Standard,2023-08-24
157,Midwest,OH,Standard,2024-06-05
158,Southeast,TN,Standard,2022-05-08
159,Midwest,MI,Standard,2024-10-14
160,West,CO,Standard,2024-10-18
161,West,WA,Standard,2022-03-14
162,Southwest,AZ,Standard,2024-05-05
163,West,NV,Standard,2022-06-29
164,Northeast,CT,Standard,2023-11-25
165,West,CA,Premium,2023-03-06
166,West,OR,Standard,2023-08-15
167,Midwest,IL,Standard,2024-09-12
168,Southeast,TN,Premium,2023-11-15
169,Northeast,PA,Standard,2023-01-02
170,Northeast,CT,Standard,2024-03-22
171,Midwest,MN,Standard,2022-12-08
172,Southeast,FL,Standard,2023-09-17
173,Southwest,NM,Premium,2022-04-23
174,Midwest,WI,Standard,2023-10-24
175,Midwest,MN,Standard,2023-03-24
176,Southwest,NM,Standard,2024-01-30
177,Midwest,MI,Standard,2024-06-24
178,West,WA,VIP,2022-06-17
179,Midwest,OH,Standard,2022-01-20
180,West,CO,Standard,2024-10-03
181,West,NV,Premium,2022-06-17
182,Midwest,OH,Standard,2022-03-26
183,Northeast,NY,VIP,2023-05-09
184,Northeast,CT,Standard,2022-07-24
185,West,CA,Premium,2023-07-23
186,Midwest,MN,Standard,2024-03-25
187,Northeast,NY,Standard,2023-01-01
188,Southeast,FL,Premium,2024-10-07
189,Midwest,MI,Premium,2023-05-11
190,Southeast,VA,Premium,2022-09-29
191,Midwest,WI,Standard,2024-09-28
192,Southeast,NC,Standard,2022-01-15
193,Southwest,NM,VIP,2023-05-18
194,Midwest,WI,Standard,2022-07-21
195,Southeast,TN,Standard,2023-04-13
196,West,NV,Standard,2023-02-18
197,West,OR,Standard,2024-04-29
198,Midwest,OH,Standard,2023-06-11
199,Midwest,MI,Standard,2022-07-19
200,West,OR,Standard,2022-10-24
201,Southwest,OK,Premium,2024-12-07
202,West,NV,Standard,2023-08-28
203,Southeast,NC,Standard,2023-10-14
204,Southeast,TN,Standard,2023-12-16
205,Southeast,GA,Premium,2024-12-18
206,Midwest,MI,VIP,2024-10-31
207,Northeast,MA,Standard,2022-04-04
208,Northeast,PA,Standard,2024-08-17
209,Southwest,AZ,Premium,2024-06-14
210,Southeast,GA,Premium,2023-02-02
211,Northeast,NJ,Standard,2023-03-25
212,Midwest,OH,Premium,2022-08-29
213,West,CO,Standard,2024-08-08
214,Midwest,IL,Standard,2023-07-16
215,Southwest,AZ,Standard,2022-10-10
216,Northeast,PA,Standard,2022-05-25
217,West,WA,Standard,2022-01-21
218,West,NV,Premium,2023-06-30
219,Northeast,CT,Standard,2024-06-27
220,Northeast,MA,Standard,2022-10-16
221,Southeast,NC,Standard,2023-10-20
222,Southwest,NM,Standard,2024-07-06
223,Southeast,GA,Standard,2023-01-23
224,West,CA,Standard,2023-10-23
225,Southeast,TN,Premium,2023-04-24
226,West,OR,Standard,2023-09-13
227,Midwest,MN,Standard,2022-10-23
228,Midwest,MI,Standard,2022-02-26
229,Midwest,MN,Standard,2023-11-14
230,Midwest,IL,Standard,2024-03-08
231,Midwest,MI,Standard,2023-05-19
232,Northeast,MA,Premium,2024-01-31
233,Southeast,GA,Standard,2022-12-11
234,West,CA,Standard,2024-11-06
235,Midwest,WI,Standard,2024-08-13
236,Southwest,TX,Premium,2024-03-03
237,Southwest,OK,Standard,2023-06-20
238,Southeast,GA,Standard,2024-01-04
239,Northeast,NY,Standard,2023-09-14
240,West,NV,Premium,2022-07-30
241,Northeast,PA,VIP,2023-06-04
242,West,OR,Standard,2024-06-26
243,Northeast,PA,Standard,2023-06-11
244,West,OR,Standard,2024-03-04
245,Northeast,NY,Standard,2023-12-26
246,Southwest,TX,Premium,2023-11-06
247,Southeast,NC,Premium,2022-01-24
248,West,NV,Standard,2024-10-18
249,Northeast,NJ,Standard,2022-04-07
250,Northeast,NJ,Standard,2024-08-14
251,West,WA,Standard,2023-01-04
252,Midwest,IL,Standard,2022-05-01
253,Southeast,GA,Standard,2022-09-13
254,Northeast,NY,Premium,2022-02-19
255,Northeast,NY,Standard,2022-08-27
256,West,NV,Standard,2023-10-07
257,West,OR,Premium,2024-12-19
258,Southwest,OK,Standard,2024-10-29
259,Southwest,TX,Premium,2022-05-12
260,Northeast,NY,Standard,2022-07-24
261,Southwest,AZ,Premium,2023-11-21
262,Northeast,NY,VIP,2024-12-25
263,Northeast,MA,Standard,2023-06-22
264,West,OR,Premium,2022-09-03
265,Southeast,FL,Standard,2023-09-28
266,Northeast,NY,Standard,2022-10-26
267,Midwest,MI,VIP,2024-08-02
268,West,CA,Standard,2022-04-06
269,Southeast,NC,Premium,2023-06-27
270,Northeast,NJ,Standard,2024-09-06
271,West,WA,Standard,2023-06-11
272,Midwest,OH,Standard,2023-12-27
273,Midwest,MN,Standard,2024-08-20
274,West,CO,Premium,2024-08-07
275,Southwest,NM,Standard,2024-10-15
276,Northeast,PA,Premium,2022-06-23
277,West,WA,Standard,2024-08-20
278,Northeast,PA,Standard,2024-09-22
279,Northeast,MA,Premium,2023-07-10
280,Northeast,CT,Standard,2024-12-10
281,Southwest,NM,Standard,2022-01-10
282,West,OR,Premium,2023-08-16
283,West,CO,Standard,2024-10-17
284,Northeast,NJ,Standard,2024-04-24
285,West,CA,Premium,2024-02-15
286,Midwest,OH,Standard,2024-07-22
287,West,NV,Standard,2023-12-11
288,Midwest,WI,Standard,2022-01-25
289,Southeast,NC,Standard,2022-01-02
290,Northeast,MA,VIP,2023-04-12
291,Midwest,MN,Standard,2022-08-30
292,Northeast,NJ,Standard,2022-10-27
293,West,CO,Standard,2024-03-11
294,West,NV,Standard,2023-03-12
295,Southeast,NC,Standard,2022-12-18
296,Southwest,AZ,Standard,2022-02-04
297,Southwest,OK,Standard,2023-06-01
298,Midwest,WI,Standard,2024-08-09
299,Southwest,NM,Standard,2023-08-04
300,Northeast,CT,Standard,2022-02-05
301,West,OR,Standard,2023-05-21
302,Northeast,NY,Standard,2022-09-29
303,Midwest,IL,Standard,2023-12-15
304,Southeast,GA,Premium,2022-12-06
305,Midwest,MN,Standard,2023-03-06
306,Midwest,MI,Standard,2024-07-30
307,Southwest,OK,Premium,2024-03-31
308,Northeast,NJ,VIP,2022-06-06
309,Midwest,WI,Premium,2023-09-05
310,Northeast,NJ,Standard,2023-08-08
311,West,CA,Premium,2023-01-27
312,Southeast,GA,Standard,2024-05-26
313,Northeast,NJ,Standard,2023-11-28
314,Southwest,AZ,Standard,2023-11-07
315,Midwest,IL,Premium,2024-08-11
316,Southwest,AZ,Premium,2023-11-02
317,Midwest,MI,Premium,2023-08-23
318,West,WA,Standard,2022-02-14
319,Northeast,PA,Premium,2023-10-12
320,Southwest,TX,Premium,2022-08-29
321,West,CO,Premium,2024-08-12
322,Midwest,MI,Standard,2022-01-23
323,Southwest,TX,VIP,2024-12-03
324,Southwest,AZ,Standard,2022-08-30
325,Southeast,FL,Premium,2022-07-10
326,West,WA,Premium,2023-04-11
327,Southeast,VA,Premium,2023-07-07
328,Midwest,MI,Standard,2023-04-26
329,Southwest,OK,Standard,2023-10-17
330,West,WA,VIP,2022-11-07
331,Southeast,NC,Standard,2023-11-23
332,Southwest,NM,Premium,2023-03-20
333,Midwest,OH,Standard,2024-11-29
334,Northeast,CT,Standard,2023-04-24
335,Northeast,CT,Standard,2023-07-18
336,Southeast,GA,Standard,2023-12-16
337,Southeast,VA,Standard,2023-12-21
338,Southeast,VA,Standard,2024-11-27
339,Midwest,MI,Premium,2023-04-30
340,Southeast,TN,Standard,2024-06-26
341,Midwest,WI,Standard,2024-11-04
342,Southeast,VA,Standard,2023-10-26
343,Southeast,VA,Standard,2024-07-13
344,West,CO,Premium,2023-09-04
345,Midwest,WI,Standard,2022-03-04
346,Midwest,WI,Standard,2023-12-02
347,Southeast,TN,VIP,2022-12-13
348,Midwest,WI,Standard,2024-12-16
349,West,OR,Standard,2022-12-20
350,West,OR,Standard,2024-01-01
351,Northeast,CT,Standard,2024-10-26
352,Southwest,OK,VIP,2022-04-13
353,Southwest,OK,Standard,2024-11-20
354,Southeast,FL,Premium,2024-10-31
355,Southwest,AZ,Standard,2024-06-28
356,West,CA,Standard,2024-10-16
357,Southwest,TX,Standard,2024-10-27
358,West,NV,Standard,2023-01-17
359,Northeast,NY,Premium,2024-12-23
360,Southwest,TX,Standard,2024-03-19
361,West,NV,Premium,2024-10-10
362,Midwest,OH,Premium,2024-05-23
363,Midwest,MI,Standard,2022-11-22
364,Southwest,TX,Standard,2023-02-06
365,Southeast,TN,Standard,2023-08-24
366,Midwest,IL,Standard,2022-01-17
367,Midwest,OH,Premium,2023-07-02
368,Midwest,OH,Standard,2022-01-29
369,Southeast,VA,Standard,2023-07-31
370,Southeast,VA,Standard,2024-04-17
371,West,WA,Premium,2023-07-25
372,West,OR,Standard,2023-12-10
373,West,CA,Standard,2023-02-21
374,Northeast,CT,Standard,2022-04-22
375,Midwest,MN,Standard,2022-12-03
376,West,OR,Standard,2022-04-09
377,Southwest,AZ,Standard,2023-03-29
378,Northeast,PA,Standard,2024-07-30
379,West,CA,Standard,2022-10-08
380,West,CO,Standard,2024-06-12
381,Southeast,TN,Standard,2024-11-07
382,Midwest,MN,Premium,2022-09-07
383,Northeast,MA,Standard,2023-01-31
384,West,CA,Standard,2024-05-04
385,Southeast,NC,Premium,2024-01-06
386,West,OR,Standard,2023-05-10
387,Midwest,IL,Premium,2024-08-02
388,Northeast,NY,Standard,2022-12-08
389,Southeast,NC,Standard,2023-03-05
390,Midwest,IL,VIP,2022-05-30
391,Southwest,NM,Standard,2023-05-04
392,Southwest,NM,VIP,2022-05-21
393,Northeast,MA,Standard,2024-09-18
394,Southwest,OK,Standard,2024-09-06
395,Northeast,NY,Standard,2023-01-24
396,Northeast,NY,Premium,2024-01-04
397,Northeast,CT,Standard,2023-10-12
398,Southwest,OK,Standard,2022-12-31
399,Southwest,NM,Standard,2023-02-02
400,West,CO,Standard,2023-09-08
401,West,NV,Standard,2024-04-06
402,Northeast,MA,Standard,2023-05-09
403,Southwest,TX,Standard,2024-12-10
404,Midwest,MN,Standard,2024-12-02
405,Northeast,NJ,VIP,2023-08-15
406,West,NV,Standard,2022-10-09
407,West,CA,Standard,2023-07-09
408,Northeast,CT,Standard,2022-11-28
409,Southeast,GA,Standard,2023-01-15
410,Southeast,FL,Standard,2023-03-11
411,Midwest,WI,Premium,2022-06-27
412,West,CO,Premium,2022-08-17
413,West,WA,Standard,2023-11-19
414,Southwest,AZ,Premium,2024-06-01
415,West,CO,Premium,2022-12-20
416,Northeast,PA,Standard,2023-01-14
417,West,WA,Premium,2022-05-26
418,West,CO,Standard,2022-06-02
419,West,NV,Standard,2024-11-09
420,West,NV,Standard,2022-03-16
421,Northeast,NY,Standard,2022-03-29
422,Southwest,OK,Standard,2022-12-08
423,Midwest,OH,Standard,2024-07-21
424,Northeast,PA,Standard,2023-12-13
425,Northeast,PA,Standard,2022-07-30
426,Northeast,PA,Premium,2023-11-10
427,Southeast,NC,Standard,2022-03-23
428,West,OR,Standard,2024-01-28
429,Midwest,WI,VIP,2024-06-10
430,Midwest,WI,Standard,2023-12-20
431,West,WA,Standard,2024-08-28
432,Midwest,MN,Standard,2023-07-30
433,Midwest,MN,Standard,2024-11-21
434,Southeast,NC,Standard,2024-05-15
435,Midwest,OH,Standard,2023-11-09
436,Southeast,GA,Standard,2024-12-04
437,West,NV,Standard,2023-02-11
438,Southeast,NC,Standard,2024-07-13
439,Northeast,MA,Standard,2024-08-04
440,Southeast,GA,Standard,2023-02-16
441,Southeast,GA,Premium,2024-09-03
442,West,CA,Standard,2024-10-29
443,West,NV,Standard,2024-10-15
444,Southeast,TN,Premium,2023-06-27
445,Southeast,FL,Standard,2022-03-14
446,Midwest,MI,Standard,2024-12-18
447,Midwest,MN,Standard,2024-03-28
448,Southwest,NM,Standard,2022-01-14
449,West,NV,Standard,2023-05-21
450,West,CO,Premium,2023-12-26
451,Northeast,PA,Standard,2023-08-25
452,West,WA,Standard,2022-03-31
453,West,CA,VIP,2024-01-01
454,Northeast,NJ,Standard,2024-04-28
455,Southwest,AZ,Standard,2024-09-07
456,Southeast,VA,Standard,2024-12-09
457,Midwest,MN,VIP,2023-07-25
458,Midwest,OH,Standard,2023-01-06
459,West,CA,Standard,2023-04-19
460,Midwest,IL,Standard,2022-10-27
461,West,CO,Standard,2024-08-29
462,Southwest,NM,Standard,2022-12-14
463,West,CO,Premium,2022-10-04
464,Southwest,TX,VIP,2024-03-30
465,Midwest,WI,Standard,2022-12-17
466,Southwest,TX,VIP,2022-02-17
467,Northeast,CT,Standard,2022-04-11
468,West,OR,Standard,2023-01-10
469,Southeast,TN,Standard,2023-07-11
470,Southeast,NC,Standard,2022-04-13
471,Midwest,IL,Premium,2022-06-25
472,Midwest,IL,Premium,2024-08-23
473,Southeast,NC,Standard,2024-05-26
474,Northeast,MA,Premium,2024-06-11
475,Midwest,OH,Standard,2024-05-08
476,Midwest,OH,Premium,2022-02-08
477,Southwest,AZ,Premium,2024-04-10
478,Southwest,OK,Standard,2022-12-01
479,West,NV,Standard,2023-02-26
480,Southwest,AZ,Premium,2023-10-12
481,Southeast,TN,Standard,2022-07-15
482,Northeast,NJ,Standard,2023-03-01
483,Southeast,VA,Standard,2024-03-03
484,Northeast,MA,Standard,2023-09-06
485,Midwest,OH,Standard,2023-10-22
486,Northeast,PA,Standard,2022-03-26
487,Northeast,CT,Premium,2024-12-11
488,Northeast,NJ,Standard,2023-04-28
489,Northeast,NY,Standard,2022-04-08
490,Southeast,NC,Premium,2024-04-19
491,Southwest,AZ,Standard,2023-04-07
492,Southwest,OK,Standard,2024-01-22
493,West,CO,Standard,2023-09-19
494,Midwest,IL,Standard,2024-12-08
495,Northeast,PA,Standard,2024-06-29
496,Southeast,FL,VIP,2024-05-06
497,Northeast,PA,Standard,2024-08-13
498,West,NV,Standard,2023-04-22
499,West,CO,Standard,2022-03-30
500,Southwest,AZ,Premium,2024-05-04
501,Northeast,NY,Standard,2023-10-31
502,Northeast,NJ,Standard,2024-11-13
503,Northeast,NJ,Standard,2022-02-09
504,Southeast,VA,Premium,2024-12-03
505,Southeast,GA,Premium,2022-10-21
506,Northeast,NJ,Standard,2022-03-10
507,West,CA,Standard,2022-12-12
508,Southwest,AZ,Premium,2022-01-24
509,Southwest,OK,Standard,2024-08-23
510,Southeast,GA,Standard,2022-10-12
511,Southwest,AZ,VIP,2022-06-08
512,Southwest,TX,Standard,2023-05-24
513,West,CO,Standard,2022-05-05
514,Northeast,NJ,Standard,2022-04-08
515,Southwest,TX,Standard,2022-05-06
516,West,WA,Standard,2024-05-16
517,Midwest,OH,Standard,2023-05-17
518,Midwest,MN,Standard,2023-12-29
519,Northeast,MA,Standard,2023-03-27
520,Southwest,AZ,Standard,2024-05-11
521,Northeast,PA,Standard,2022-02-26
522,West,NV,Standard,2022-12-28
523,Southwest,AZ,Standard,2022-05-19
524,Southwest,OK,Premium,2022-09-19
525,Midwest,OH,Premium,2023-09-03
526,Midwest,MI,Premium,2023-08-13
527,Midwest,WI,Standard,2023-03-12
528,Northeast,CT,VIP,2022-08-12
529,Midwest,WI,Premium,2023-09-25
530,Southwest,NM,Standard,2022-08-03
531,West,WA,Standard,2024-02-02
532,West,OR,Standard,2024-09-09
533,Northeast,NY,Standard,2022-02-06
534,Southeast,VA,Premium,2022-12-09
535,West,OR,Premium,2024-05-29
536,Midwest,IL,Standard,2024-12-13
537,Southwest,TX,Standard,2024-12-27
538,West,OR,Standard,2022-01-14
539,Midwest,IL,Standard,2024-06-20
540,Northeast,CT,VIP,2023-01-04
541,Southeast,GA,Standard,2024-04-11
542,West,WA,Premium,2023-05-18
543,Southeast,GA,Premium,2024-08-21
544,Midwest,MN,Standard,2022-04-06
545,Southwest,NM,Standard,2023-01-16
546,Midwest,OH,Standard,2023-04-22
547,Midwest,IL,Premium,2023-06-01
548,West,OR,Standard,2024-03-20
549,Northeast,PA,Standard,2022-03-18
550,Northeast,NY,Standard,2024-12-21
551,Northeast,PA,Standard,2023-07-16
552,Southeast,TN,Standard,2022-11-29
553,Southwest,AZ,Premium,2022-09-12
554,West,CO,Standard,2022-10-13
555,West,OR,Standard,2022-07-05
556,Southeast,VA,Standard,2022-05-22
557,Southeast,NC,Standard,2022-02-16
558,Southwest,AZ,VIP,2022-05-20
559,Southwest,AZ,Premium,2024-04-05
560,West,CO,VIP,2023-11-12
561,Midwest,WI,Premium,2022-11-05
562,West,NV,Standard,2022-04-16
563,Southeast,FL,Standard,2022-11-26
564,Midwest,MI,Standard,2024-03-10
565,Midwest,MI,Premium,2024-07-22
566,Southwest,AZ,Standard,2024-12-18
567,Southwest,OK,Standard,2024-05-20
568,Northeast,PA,Standard,2024-05-14
569,Midwest,MN,Standard,2024-06-29
570,Midwest,IL,Premium,2023-07-30
571,Northeast,PA,Premium,2024-08-20
572,Midwest,MN,Standard,2022-04-01
573,West,CA,Standard,2022-06-30
574,Northeast,CT,Standard,2023-10-10
575,Southwest,OK,Standard,2022-05-25
576,Southeast,VA,Standard,2023-12-16
577,West,WA,Standard,2024-12-13
578,Southeast,FL,Standard,2022-02-13
579,Midwest,MI,Standard,2022-10-31
580,West,NV,Standard,2023-11-13
581,Midwest,MN,Standard,2023-10-09
582,Midwest,IL,Standard,2022-08-28
583,Northeast,NJ,Standard,2023-05-22
584,Midwest,OH,Standard,2024-10-17
585,Southeast,TN,Standard,2024-06-14
586,Midwest,MI,Standard,2024-08-15
587,Midwest,MI,Standard,2023-05-09
588,West,NV,Standard,2023-04-07
589,Southeast,TN,Premium,2023-10-28
590,Southeast,TN,Premium,2024-11-10
591,Southwest,TX,Standard,2022-02-25
592,Southeast,FL,Standard,2024-01-22
593,Northeast,NY,Standard,2023-02-09
594,Northeast,NJ,Standard,2024-09-12
595,Southeast,NC,Standard,2024-10-28
596,Southwest,TX,Standard,2024-08-30
597,Midwest,OH,Standard,2022-05-07
598,Northeast,PA,Premium,2022-05-13
599,West,OR,Standard,2022-06-05
600,Northeast,NJ,Standard,2023-06-17
601,Midwest,OH,Premium,2024-06-03
602,Northeast,NY,Premium,2023-12-16
603,West,OR,Standard,2024-01-07
604,Southeast,TN,Premium,2023-10-09
605,Southeast,NC,Standard,2023-09-27
606,Southwest,NM,Standard,2023-09-30
607,Southeast,FL,Standard,2023-03-07
608,Midwest,OH,Standard,2023-04-17
609,Northeast,NY,Standard,2022-06-19
610,Northeast,NJ,Standard,2022-01-08
611,Southeast,NC,Standard,2022-12-07
612,Southwest,TX,Standard,2024-07-10
613,Midwest,IL,Standard,2022-07-03
614,West,OR,Standard,2022-05-29
615,Northeast,PA,Standard,2022-06-25
616,Northeast,PA,Standard,2023-06-19
617,Northeast,MA,Standard,2024-11-12
618,Southeast,VA,VIP,2023-08-21
619,Northeast,PA,VIP,2023-03-03
620,Southeast,VA,VIP,2023-06-08
621,Midwest,MN,Premium,2024-07-01
622,Midwest,OH,Premium,2024-02-16
623,Northeast,CT,Standard,2022-10-23
624,West,CO,Standard,2023-09-28
625,Northeast,PA,Standard,2024-06-13
626,Northeast,CT,VIP,2024-08-21
627,Southwest,TX,Premium,2023-05-21
628,Southwest,OK,Standard,2023-06-05
629,Midwest,MI,Standard,2023-10-12
630,Midwest,MN,Standard,2022-02-11
631,Southwest,NM,Standard,2024-05-19
632,Southeast,GA,VIP,2022-06-12
633,Midwest,WI,Standard,2024-08-03
634,Midwest,OH,Standard,2023-07-27
635,Midwest,MI,Standard,2023-06-24
636,Midwest,MI,Premium,2023-05-15
637,Midwest,WI,Premium,2023-06-06
638,West,CO,Standard,2023-12-03
639,Southeast,NC,Standard,2022-10-08
640,Northeast,CT,VIP,2022-01-21
641,Midwest,MN,Standard,2024-08-12
642,Midwest,MN,Standard,2024-05-30
643,Southeast,FL,Premium,2024-12-20
644,Northeast,MA,Premium,2022-11-19
645,Northeast,NY,Standard,2023-11-25
646,Northeast,CT,Premium,2024-04-21
647,Southwest,NM,Premium,2024-02-06
648,Northeast,NY,Premium,2022-11-03
649,Southwest,NM,Standard,2023-01-17
650,Northeast,NJ,Standard,2024-02-04
651,Northeast,PA,Standard,2022-11-25
652,Northeast,MA,Premium,2024-02-14
653,Northeast,MA,Premium,2024-01-01
654,Northeast,MA,Standard,2024-05-29
655,West,OR,Standard,2023-10-01
656,West,CA,Standard,2024-12-07
657,Midwest,MN,Standard,2024-04-11
658,Northeast,MA,Standard,2023-11-16
659,Northeast,MA,Standard,2024-02-21
660,West,CO,Standard,2024-04-29
661,Southeast,GA,Standard,2023-11-21
662,Northeast,NJ,Standard,2022-04-23
663,Northeast,CT,Standard,2022-10-30
664,Southwest,NM,Standard,2023-05-27
665,Southeast,VA,Premium,2022-12-13
666,Northeast,NY,Standard,2023-09-11
667,West,CO,Premium,2024-09-03
668,Midwest,IL,Standard,2024-10-22
669,Southwest,TX,Standard,2023-06-25
670,Southeast,NC,Premium,2024-01-11
671,Northeast,CT,Premium,2023-12-31
672,West,CO,Standard,2024-01-11
673,West,CA,Standard,2024-05-06
674,Southwest,AZ,Standard,2023-06-30
675,Southeast,FL,Standard,2022-05-02
676,Southwest,NM,Standard,2022-02-27
677,Southwest,AZ,Standard,2023-04-01
678,Southwest,TX,Standard,2023-06-02
679,West,CA,Premium,2024-04-05
680,Northeast,NY,Standard,2023-12-15
681,Southwest,OK,VIP,2022-02-27
682,Southwest,AZ,Standard,2024-09-01
683,Southeast,NC,Standard,2024-06-20
684,West,NV,Standard,2024-07-03
685,Northeast,CT,Premium,2024-07-06
686,Southwest,AZ,Standard,2023-06-24
687,Southeast,FL,Premium,2022-10-20
688,Southwest,TX,VIP,2023-07-23
689,Southwest,OK,Standard,2022-10-20
690,Northeast,NJ,VIP,2022-05-18
691,Northeast,PA,Standard,2023-02-07
692,Northeast,CT,Standard,2024-03-20
693,Southeast,FL,Standard,2022-01-02
694,Southeast,VA,Standard,2024-08-20
695,Southwest,OK,Premium,2024-05-07
696,West,NV,Standard,2022-11-28
697,Northeast,NY,VIP,2023-10-23
698,Midwest,WI,Standard,2022-03-05
699,West,CA,Standard,2023-08-05
700,Southwest,NM,VIP,2022-03-24
701,Southeast,NC,Premium,2023-11-10
702,West,CA,Premium,2023-09-26
703,Northeast,CT,Standard,2024-09-19
704,Northeast,PA,Standard,2023-01-13
705,West,CO,Standard,2022-03-08
706,Southwest,AZ,Standard,2022-01-09
707,Southwest,NM,Standard,2023-04-01
708,Southeast,GA,Standard,2023-07-03
709,Southwest,TX,Standard,2024-10-13
710,Southwest,AZ,Standard,2023-04-19
711,Northeast,CT,Standard,2024-09-09
712,Southwest,TX,VIP,2024-05-18
713,West,CO,Standard,2022-04-30
714,Southwest,OK,VIP,2024-02-19
715,West,CA,Standard,2023-05-18
716,West,WA,VIP,2022-07-28
717,West,OR,Standard,2024-02-04
718,Southeast,GA,VIP,2023-03-07
719,West,CO,Standard,2023-12-03
720,Southwest,NM,VIP,2024-04-16
721,West,CO,Standard,2022-01-10
722,Southeast,VA,Standard,2023-11-26
723,Southeast,VA,Standard,2023-07-18
724,West,NV,Standard,2023-03-18
725,West,NV,Standard,2022-11-13
726,Southeast,NC,VIP,2023-06-26
727,Midwest,IL,Standard,2022-04-10
728,Northeast,PA,VIP,2023-09-24
729,Southeast,GA,VIP,2023-02-28
730,Midwest,OH,Standard,2022-09-21
731,Northeast,CT,VIP,2022-01-31
732,West,CA,Standard,2022-02-09
733,Northeast,MA,Standard,2022-09-04
734,Midwest,MI,Standard,2023-04-14
735,Southeast,NC,Standard,2023-01-22
736,West,WA,Premium,2023-04-05
737,West,WA,Premium,2023-08-20
738,Northeast,NY,Standard,2023-10-13
739,Northeast,NY,Standard,2022-11-20
740,West,CA,Standard,2024-06-06
741,West,NV,Premium,2024-04-27
742,Southeast,VA,Standard,2024-08-17
743,Midwest,WI,Standard,2022-02-11
744,Northeast,NY,Standard,2023-04-02
745,Midwest,MN,Premium,2022-08-08
746,Northeast,CT,Standard,2022-09-10
747,Northeast,NJ,VIP,2022-09-03
748,Southwest,NM,Standard,2024-04-11
749,Midwest,MN,Premium,2024-06-13
750,Northeast,PA,VIP,2023-03-21
751,Southeast,TN,Standard,2022-06-13
752,Southeast,GA,Premium,2022-07-03
753,West,CA,Standard,2023-11-20
754,Midwest,IL,Standard,2022-11-21
755,Southwest,TX,Standard,2024-05-04
756,Southwest,NM,Standard,2024-10-18
757,West,OR,Premium,2022-05-14
758,Northeast,CT,Premium,2022-10-28
759,West,NV,Standard,2022-08-22
760,Southwest,TX,Premium,2024-02-07
761,Southwest,NM,Standard,2023-08-25
762,Southeast,GA,Standard,2024-05-10
763,Southwest,AZ,Standard,2024-05-06
764,Northeast,MA,Standard,2024-07-12
765,Northeast,PA,Standard,2024-02-13
766,Midwest,MI,Standard,2022-12-05
767,Midwest,MN,VIP,2024-02-22
768,West,OR,Premium,2024-06-04
769,Southwest,OK,Standard,2024-08-12
770,Southwest,TX,Standard,2022-12-09
771,West,WA,Premium,2024-09-19
772,Northeast,NJ,Standard,2022-01-22
773,Southeast,TN,Standard,2023-11-12
774,Southeast,FL,Premium,2023-10-26
775,Southeast,FL,Standard,2023-04-19
776,Southwest,TX,Standard,2022-08-13
777,Southeast,FL,Standard,2024-01-06
778,Southwest,AZ,Premium,2024-05-09
779,Midwest,WI,Standard,2022-10-30
780,Midwest,IL,Standard,2023-05-08
781,West,WA,VIP,2022-05-05
782,Southeast,TN,Standard,2023-09-30
783,Northeast,NY,Standard,2022-10-17
784,Northeast,NY,Premium,2023-11-22
785,Midwest,OH,Standard,2022-03-26
786,Northeast,NJ,Standard,2022-04-11
787,Midwest,WI,Standard,2023-08-29
788,Southwest,AZ,VIP,2022-10-02
789,Southwest,TX,Standard,2023-10-01
790,Midwest,MI,Standard,2024-08-06
791,West,WA,Standard,2023-11-02
792,Northeast,PA,Premium,2022-08-10
793,Midwest,OH,Standard,2022-02-25
794,Southwest,TX,Standard,2022-10-05
795,Midwest,IL,Standard,2024-03-05
796,Midwest,IL,Standard,2024-03-24
797,Southeast,VA,Premium,2024-09-28
798,Midwest,WI,Standard,2024-03-03
799,Northeast,NJ,Standard,2023-11-30
800,Southeast,VA,Standard,2023-12-18
801,West,CO,Standard,2022-09-29
802,Northeast,CT,Standard,2024-09-24
803,Southeast,GA,Premium,2023-10-27
804,Southwest,AZ,Standard,2022-12-31
805,West,OR,Standard,2022-11-07
806,West,OR,Standard,2024-03-24
807,Southwest,AZ,Standard,2024-04-23
808,Midwest,MN,Standard,2023-08-13
809,Southeast,VA,Premium,2024-07-30
810,Northeast,PA,Standard,2023-11-22
811,Southeast,VA,Premium,2023-07-01
812,Midwest,MI,VIP,2022-03-12
813,West,OR,Standard,2022-08-09
814,Midwest,MN,Standard,2022-02-01
815,Northeast,NY,Premium,2023-03-25
816,Southwest,TX,VIP,2022-05-03
817,Midwest,IL,Standard,2023-12-29
818,West,NV,Premium,2023-05-04
819,West,CA,Standard,2022-10-01
820,Midwest,IL,Standard,2023-01-23
821,West,CA,Premium,2022-08-25
822,West,NV,Standard,2023-01-24
823,Midwest,IL,Standard,2024-09-16
824,Northeast,CT,Standard,2022-08-01
825,West,WA,Premium,2023-01-13
826,Midwest,IL,Standard,2022-11-21
827,Midwest,MN,Premium,2023-02-26
828,Midwest,MN,Standard,2022-01-03
829,Southwest,AZ,Premium,2022-11-21
830,Midwest,IL,Standard,2024-03-12
831,West,WA,Standard,2022-04-26
832,Southeast,FL,Standard,2022-12-07
833,Northeast,PA,Standard,2024-03-31
834,Midwest,MI,Standard,2023-04-01
835,Midwest,MI,Standard,2023-03-27
836,Southwest,TX,Standard,2023-03-28
837,West,WA,Standard,2024-10-31
838,Southwest,TX,Standard,2023-01-05
839,Northeast,MA,Standard,2022-05-06
840,Southwest,NM,Standard,2023-07-11
841,Southeast,FL,Standard,2024-07-27
842,Southwest,NM,Standard,2023-11-20
843,Southwest,OK,Premium,2024-03-11
844,Southwest,OK,Premium,2024-06-18
845,West,OR,Standard,2022-11-09
846,Midwest,MN,Standard,2024-07-25
847,West,OR,Standard,2023-03-25
848,Southwest,AZ,Premium,2022-08-11
849,Northeast,NJ,Standard,2024-03-24
850,West,CO,Standard,2022-03-23
851,Southeast,TN,VIP,2022-09-11
852,West,WA,Standard,2022-08-30
853,Southeast,NC,Premium,2023-02-15
854,Southeast,NC,Standard,2024-02-16
855,Northeast,PA,Premium,2024-07-11
856,Southeast,VA,Standard,2022-04-24
857,Northeast,NJ,Premium,2023-10-02
858,West,NV,Standard,2024-01-12
859,Southwest,NM,Standard,2023-11-11
860,Southwest,NM,Standard,2023-01-15
861,Southeast,GA,Premium,2024-04-10
862,Midwest,OH,Premium,2023-09-26
863,Southwest,AZ,Standard,2023-03-31
864,Southwest,OK,Standard,2022-12-10
865,Southeast,NC,Premium,2024-08-09
866,Southwest,NM,Standard,2022-03-26
867,Southwest,OK,Standard,2023-05-09
868,West,CA,Standard,2024-01-29
869,Southeast,NC,Standard,2022-12-22
870,Southeast,VA,Standard,2022-11-01
871,Southwest,NM,Standard,2023-12-26
872,West,CO,Standard,2024-12-12
873,West,WA,Standard,2023-02-08
874,Midwest,IL,Standard,2022-10-17
875,Southeast,NC,Premium,2023-11-21
876,West,CA,Premium,2024-08-30
877,Southeast,TN,Standard,2024-01-01
878,Northeast,PA,Premium,2024-02-13
879,West,OR,VIP,2022-12-24
880,Southwest,OK,Standard,2022-01-07
881,Midwest,MN,Standard,2024-11-18
882,West,NV,Premium,2023-09-12
883,Southeast,TN,Standard,2022-01-16
884,Southwest,AZ,Premium,2022-12-05
885,Northeast,PA,Standard,2024-10-24
886,Southeast,TN,Standard,2023-09-29
887,West,OR,Standard,2024-02-14
888,Southeast,VA,Standard,2024-08-08
889,Southeast,GA,Standard,2023-08-01
890,Northeast,PA,Standard,2023-06-26
891,West,WA,Premium,2023-10-12
892,Northeast,PA,Premium,2023-02-01
893,West,OR,Standard,2023-07-02
894,Southwest,NM,VIP,2022-03-18
895,Midwest,IL,Standard,2023-10-19
896,Northeast,NJ,Standard,2023-09-27
897,Midwest,OH,Standard,2024-05-03
898,Midwest,MI,Standard,2023-05-14
899,Southwest,AZ,Standard,2023-06-19
900,Southeast,TN,Standard,2024-07-02
901,Southwest,AZ,Standard,2023-10-12
902,Southeast,VA,Standard,2023-04-09
903,Northeast,NJ,Premium,2024-08-24
904,Southwest,NM,Standard,2024-12-04
905,Southwest,NM,Premium,2022-11-10
906,West,OR,Standard,2022-08-25
907,Southwest,NM,VIP,2023-05-25
908,West,CO,Standard,2023-04-22
909,Southeast,FL,Premium,2024-10-24
910,Northeast,PA,Premium,2023-04-01
911,Northeast,PA,Standard,2022-10-22
912,Northeast,NJ,Standard,2023-08-04
913,West,CA,VIP,2023-04-27
914,Southeast,NC,Standard,2022-11-24
915,Southeast,VA,Premium,2023-02-05
916,Southeast,TN,Standard,2022-08-19
917,West,WA,Standard,2024-08-04
918,Northeast,MA,Premium,2024-02-13
919,Midwest,MN,Standard,2024-05-04
920,Southeast,NC,Standard,2022-07-10
921,West,CA,Standard,2022-12-02
922,West,WA,Standard,2023-02-03
923,Northeast,NY,Standard,2024-01-01
924,Southwest,NM,Standard,2022-02-19
925,Northeast,CT,VIP,2024-09-01
926,Southeast,NC,Standard,2023-05-31
927,Southwest,OK,Standard,2024-07-06
928,Southeast,NC,Premium,2022-05-15
929,Southwest,NM,Premium,2022-05-18
930,Northeast,NY,Premium,2023-07-13
931,Southwest,OK,Standard,2023-12-07
932,Southeast,FL,Premium,2022-11-02
933,Northeast,NJ,Standard,2024-07-24
934,Midwest,OH,Premium,2023-10-24
935,Midwest,IL,Premium,2022-10-04
936,West,OR,Standard,2024-03-09
937,Midwest,MN,Standard,2024-01-07
938,Southeast,TN,Premium,2022-10-01
939,Southeast,TN,Standard,2023-10-20
940,Northeast,NJ,Premium,2022-06-16
941,Midwest,MN,Standard,2023-06-17
942,West,NV,VIP,2023-10-30
943,West,OR,Standard,2022-01-08
944,Southwest,TX,Standard,2023-06-18
945,Midwest,IL,Premium,2024-10-21
946,Southeast,GA,Standard,2022-02-03
947,Northeast,NY,Standard,2023-11-05
948,West,WA,Premium,2022-05-16
949,Southwest,AZ,Standard,2023-04-25
950,West,CA,Premium,2024-04-05
951,Northeast,NJ,Premium,2022-05-03
952,Midwest,MI,Standard,2023-02-20
953,West,OR,Premium,2022-05-18
954,Southwest,OK,Standard,2024-07-26
955,West,WA,Standard,2024-03-31
956,Midwest,IL,Standard,2023-04-04
957,Southeast,TN,VIP,2024-01-02
958,West,CO,Standard,2023-12-17
959,Northeast,NJ,Premium,2024-11-03
960,West,CO,Standard,2024-09-26
961,Southeast,TN,Standard,2024-02-24
962,Southwest,NM,Standard,2024-05-19
963,Southeast,NC,Premium,2022-04-08
964,West,CA,VIP,2022-07-23
965,Southeast,VA,Standard,2022-06-30
966,Southeast,VA,Standard,2023-01-09
967,Midwest,OH,Standard,2022-01-06
968,Northeast,NY,Premium,2024-04-05
969,Midwest,MI,Standard,2022-05-06
970,West,CA,Standard,2022-08-21
971,Southwest,AZ,Premium,2024-07-26
972,Southeast,VA,Premium,2022-12-10
973,Southwest,TX,Standard,2024-03-10
974,West,NV,Standard,2024-06-28
975,Northeast,CT,Standard,2022-11-12
976,Midwest,OH,Standard,2024-03-14
977,Southwest,OK,Standard,2023-08-22
978,West,CO,Premium,2023-12-23
979,West,CO,Premium,2023-07-27
980,Southwest,OK,Standard,2022-12-24
981,Northeast,PA,Premium,2022-04-25
982,Midwest,MN,Standard,2024-12-09
983,Northeast,NY,Premium,2024-05-07
984,Southwest,NM,Standard,2023-08-06
985,Northeast,MA,Premium,2024-03-30
986,Midwest,MN,Premium,2024-12-13
987,Southeast,GA,Standard,2023-01-16
988,Northeast,NJ,Standard,2023-07-28
989,Northeast,CT,Standard,2022-10-04
990,Midwest,OH,Premium,2024-06-17
991,Midwest,MN,Premium,2022-06-23
992,Northeast,MA,Standard,2024-07-02
993,Southeast,TN,Premium,2022-08-31
994,Southeast,TN,Standard,2024-04-14
995,West,NV,Standard,2022-01-19
996,Southwest,AZ,Standard,2023-08-06
997,Northeast,CT,Standard,2022-10-01
998,Southwest,AZ,VIP,2023-09-08
999,Southwest,TX,Standard,2022-09-19
1000,Midwest,MI,Standard,2024-01-30
1001,Southwest,OK,Standard,2023-03-18
1002,West,NV,Standard,2024-09-11
1003,West,OR,Standard,2023-03-29
1004,Southwest,AZ,Standard,2022-08-26
1005,Southeast,NC,Standard,2024-09-20
1006,Northeast,MA,Standard,2024-08-20
1007,Midwest,MI,Standard,2022-12-09
1008,West,CO,Premium,2023-11-27
1009,Southwest,NM,Standard,2022-12-11
1010,Northeast,CT,Standard,2024-03-11
1011,West,NV,Standard,2022-01-09
1012,West,NV,Standard,2023-02-20
1013,West,WA,Premium,2023-06-15
1014,Midwest,MN,Premium,2022-08-24
1015,West,OR,Premium,2024-02-20
1016,Southwest,NM,Standard,2024-03-08
1017,Southeast,NC,VIP,2023-03-15
1018,West,OR,Standard,2024-05-04
1019,West,CO,Standard,2024-01-24
1020,Northeast,NY,Standard,2022-03-13
1021,West,NV,Standard,2023-08-22
1022,Southeast,VA,Standard,2023-09-12
1023,Midwest,OH,Premium,2022-04-03
1024,Southeast,FL,Standard,2022-06-24
1025,Southeast,GA,Standard,2022-01-26
1026,West,NV,Standard,2022-10-17
1027,Southeast,GA,VIP,2023-04-05
1028,Northeast,PA,Standard,2022-01-11
1029,West,OR,Standard,2022-01-13
1030,West,WA,Standard,2023-03-12
1031,West,WA,Standard,2023-08-10
1032,Midwest,WI,Standard,2024-06-30
1033,West,NV,Standard,2022-10-12
1034,Northeast,MA,Standard,2023-05-08
1035,Southeast,VA,Standard,2022-11-03
1036,Southeast,TN,Premium,2024-04-11
1037,Southwest,NM,Standard,2023-08-04
1038,Northeast,MA,Standard,2022-11-21
1039,West,NV,Standard,2022-10-21
1040,Southeast,GA,Standard,2022-02-07
1041,Southeast,GA,Standard,2023-12-04
1042,Southeast,VA,Premium,2022-11-22
1043,Southeast,NC,Standard,2024-08-16
1044,West,CO,Standard,2024-06-21
1045,Southeast,VA,Standard,2023-08-09
1046,Northeast,NJ,Standard,2022-03-30
1047,West,WA,Standard,2022-05-09
1048,Northeast,PA,Standard,2024-08-06
1049,Southeast,TN,Premium,2023-04-21
1050,Midwest,OH,Standard,2023-09-10
1051,West,NV,Standard,2022-11-02
1052,Northeast,CT,Premium,2022-01-18
1053,West,CA,Premium,2024-12-22
1054,Southeast,VA,Premium,2024-05-16
1055,Midwest,WI,Standard,2022-05-18
1056,West,OR,VIP,2022-05-28
1057,Northeast,PA,Standard,2023-10-23
1058,Southwest,OK,Standard,2023-02-19
1059,Northeast,CT,Standard,2024-10-29
1060,Southeast,FL,Standard,2022-10-02
1061,Southwest,TX,Standard,2024-07-19
1062,Northeast,NY,VIP,2022-07-20
1063,Midwest,WI,Standard,2023-05-25
1064,Northeast,NY,Standard,2022-01-31
1065,Southwest,TX,Standard,2024-03-04
1066,Midwest,OH,Standard,2024-11-23
1067,Northeast,NJ,Standard,2022-07-01
1068,Northeast,CT,Standard,2022-04-09
1069,Midwest,OH,Premium,2023-03-22
1070,Northeast,NJ,VIP,2024-03-06
1071,West,NV,Premium,2024-05-17
1072,Southwest,OK,Standard,2023-09-29
1073,Southeast,TN,Standard,2022-08-27
1074,Southwest,OK,Standard,2023-04-30
1075,Northeast,NJ,Standard,2023-12-30
1076,Midwest,WI,VIP,2023-05-20
1077,Midwest,MN,Standard,2023-03-17
1078,Southwest,NM,Standard,2024-09-02
1079,Northeast,PA,Standard,2022-10-06
1080,Northeast,CT,VIP,2023-09-12
1081,Midwest,IL,Standard,2023-12-31
1082,West,OR,Standard,2022-04-14
1083,Southeast,NC,Premium,2024-12-05
1084,Southeast,GA,Standard,2024-09-02
1085,Midwest,OH,Standard,2022-12-15
1086,Midwest,WI,Standard,2022-12-12
1087,Northeast,PA,Premium,2023-12-31
1088,Northeast,NJ,Premium,2024-04-05
1089,West,OR,Premium,2023-11-09
1090,Northeast,NJ,Premium,2022-12-03
1091,Midwest,MN,Premium,2022-08-03
1092,Northeast,MA,Standard,2022-11-06
1093,Southeast,TN,Standard,2022-04-05
1094,Northeast,PA,Standard,2023-08-20
1095,Southeast,GA,Standard,2024-10-18
1096,Midwest,MI,Standard,2022-10-04
1097,Southeast,GA,Standard,2024-12-05
1098,Midwest,WI,Premium,2023-02-04
1099,Southwest,TX,VIP,2024-02-06
1100,Southwest,OK,Standard,2024-09-24
1101,Northeast,NY,VIP,2024-07-01
1102,Southeast,VA,Standard,2023-03-10
1103,Southwest,AZ,Standard,2023-02-10
1104,Midwest,MN,Standard,2023-10-03
1105,West,WA,Premium,2023-05-27
1106,Northeast,PA,Standard,2024-12-28
1107,Midwest,WI,Standard,2022-05-07
1108,West,OR,Standard,2023-11-04
1109,Midwest,WI,Standard,2023-05-14
1110,Southeast,FL,VIP,2022-06-15
1111,Midwest,MN,Standard,2024-08-08
1112,Southeast,VA,Standard,2022-06-28
1113,Southwest,NM,Standard,2022-08-24
1114,Northeast,MA,Premium,2023-09-24
1115,Southeast,NC,Standard,2023-08-04
1116,Southwest,OK,Premium,2023-03-10
1117,Southeast,NC,Standard,2023-04-19
1118,Midwest,IL,Standard,2022-12-16
1119,Midwest,IL,Premium,2022-03-29
1120,Midwest,WI,Premium,2023-01-29
1121,Southeast,TN,Standard,2024-08-16
1122,West,NV,Standard,2023-10-23
1123,West,OR,Standard,2023-09-28
1124,West,CA,Premium,2022-06-13
1125,West,OR,Standard,2024-08-14
1126,Northeast,CT,Standard,2022-05-25
1127,Midwest,WI,Standard,2022-05-08
1128,Northeast,PA,Standard,2024-04-03
1129,West,CO,Standard,2024-06-17
1130,West,WA,Standard,2023-07-06
1131,Northeast,MA,Premium,2023-11-23
1132,West,CA,Standard,2022-09-28
1133,West,CO,Standard,2022-01-16
1134,Midwest,OH,Standard,2022-03-07
1135,Midwest,OH,Standard,2024-07-05
1136,Midwest,OH,Standard,2023-04-29
1137,Northeast,PA,Premium,2022-09-25
1138,Midwest,WI,Standard,2023-07-15
1139,Midwest,OH,Standard,2023-07-08
1140,Northeast,CT,Standard,2023-07-24
1141,West,CA,Standard,2024-11-16
1142,Northeast,MA,Standard,2023-08-16
1143,Southwest,TX,Standard,2023-10-08
1144,Midwest,IL,Standard,2022-07-06
1145,Northeast,MA,Premium,2024-01-16
1146,Northeast,PA,Standard,2024-03-09
1147,Northeast,CT,Standard,2022-11-10
1148,Southwest,NM,Standard,2023-12-04
1149,Southeast,FL,Standard,2022-01-27
1150,Southeast,FL,Standard,2024-11-13
1151,Midwest,MN,Standard,2022-04-17
1152,Northeast,MA,Standard,2023-08-22
1153,Midwest,WI,Standard,2022-11-04
1154,Southeast,NC,Premium,2022-12-22
1155,Southwest,AZ,Premium,2022-09-03
1156,Southeast,NC,Premium,2023-11-02
1157,Northeast,PA,Standard,2024-03-11
1158,Midwest,MI,Standard,2023-07-26
1159,Northeast,NY,VIP,2024-09-01
1160,Southwest,OK,Standard,2023-03-17
1161,Midwest,WI,Standard,2023-03-10
1162,Northeast,NJ,Premium,2023-09-19
1163,Midwest,MN,VIP,2022-08-17
1164,Southeast,NC,Premium,2023-10-07
1165,West,WA,Standard,2022-06-26
1166,Midwest,MI,Standard,2022-08-19
1167,Southwest,OK,Standard,2023-06-02
1168,Northeast,PA,Standard,2024-01-31
1169,Midwest,MN,Premium,2023-10-31
1170,Midwest,WI,Standard,2023-04-04
1171,Midwest,IL,Standard,2022-12-16
1172,Southeast,NC,Standard,2024-03-15
1173,Northeast,MA,VIP,2022-07-10
1174,Midwest,MI,Standard,2023-08-26
1175,Southeast,TN,Standard,2023-12-05
1176,Southeast,FL,Premium,2023-09-24
1177,West,WA,Standard,2024-06-04
1178,Midwest,MI,Standard,2022-12-25
1179,Northeast,NJ,Premium,2023-02-26
1180,Midwest,MN,Standard,2023-04-13
1181,Midwest,MI,Standard,2022-07-08
1182,Midwest,WI,Standard,2022-01-16
1183,Southeast,VA,Standard,2024-01-03
1184,West,CO,Standard,2022-12-31
1185,Midwest,MN,Standard,2023-09-11
1186,Southwest,AZ,Premium,2022-01-21
1187,Southwest,TX,Standard,2024-08-21
1188,Northeast,NY,Standard,2022-01-02
1189,West,WA,Premium,2023-07-02
1190,Southwest,AZ,Premium,2022-02-14
1191,Midwest,WI,Standard,2024-12-05
1192,Southwest,NM,Standard,2023-02-14
1193,West,CA,Standard,2022-12-26
1194,Northeast,CT,Standard,2024-03-09
1195,Midwest,OH,Premium,2023-02-06
1196,Northeast,PA,Standard,2024-03-27
1197,Southeast,NC,Standard,2023-07-28
1198,West,CA,Standard,2024-04-02
1199,West,CA,Standard,2023-12-04
1200,Northeast,NY,Standard,2023-06-17
1201,Northeast,MA,Standard,2024-06-04
1202,West,NV,Premium,2024-07-27
1203,Southwest,TX,Premium,2022-04-17
1204,West,CA,Standard,2024-01-03
1205,Southeast,NC,Standard,2022-03-11
1206,Northeast,CT,Standard,2024-11-08
1207,Southeast,NC,Premium,2024-11-01
1208,Southeast,NC,Premium,2024-12-16
1209,Midwest,WI,Standard,2023-11-30
1210,Southeast,NC,VIP,2022-08-27
1211,Northeast,NY,Premium,2024-01-11
1212,Southwest,NM,Premium,2023-07-14
1213,Midwest,MI,Premium,2024-12-10
1214,West,OR,Premium,2024-01-05
1215,Southwest,NM,Standard,2022-11-30
1216,Northeast,MA,Standard,2024-08-28
1217,Northeast,PA,Standard,2023-11-23
1218,Southeast,NC,Standard,2024-08-03
1219,Northeast,CT,Standard,2022-01-12
1220,Midwest,IL,Standard,2022-10-07
1221,Midwest,MN,Standard,2023-04-28
1222,West,NV,Standard,2022-03-11
1223,Southeast,GA,Standard,2023-12-28
1224,Midwest,MN,Standard,2023-03-26
1225,West,NV,Premium,2023-12-12
1226,Southeast,FL,Standard,2022-02-20
1227,West,WA,Premium,2022-12-08
1228,West,NV,VIP,2023-01-13
1229,Northeast,NY,Standard,2022-08-29
1230,Northeast,NJ,Standard,2022-11-05
1231,West,NV,Standard,2022-03-16
1232,Southwest,TX,Standard,2024-02-12
1233,Southeast,TN,Standard,2023-02-15
1234,Southwest,OK,Standard,2024-03-31
1235,West,WA,Standard,2022-07-27
1236,Northeast,CT,Standard,2023-05-11
1237,Southwest,NM,Standard,2023-07-12
1238,West,OR,Standard,2023-08-09
1239,Northeast,MA,VIP,2024-04-06
1240,Southeast,FL,Premium,2023-03-13
1241,West,NV,Premium,2023-01-14
1242,Northeast,NJ,VIP,2022-05-14
1243,Northeast,NJ,Premium,2022-01-01
1244,Southeast,FL,Standard,2023-08-12
1245,Northeast,NY,Standard,2023-04-03
1246,Southeast,NC,Premium,2023-06-24
1247,Southeast,GA,Premium,2023-01-07
1248,Southwest,AZ,Standard,2022-12-17
1249,Northeast,PA,Standard,2022-05-16
1250,Northeast,PA,Premium,2022-02-16
1251,West,NV,Standard,2023-06-06
1252,Southwest,OK,Standard,2024-07-24
1253,Northeast,NJ,Premium,2024-10-20
1254,West,CA,Premium,2024-12-09
1255,Midwest,WI,Standard,2023-02-17
1256,Southeast,NC,Premium,2022-08-01
1257,Midwest,WI,Premium,2024-03-20
1258,Southwest,AZ,Standard,2023-03-16
1259,West,NV,Standard,2024-11-07
1260,Northeast,NJ,VIP,2024-03-15
1261,Southwest,NM,Standard,2024-11-03
1262,Northeast,MA,Standard,2024-12-10
1263,Southeast,TN,Standard,2023-11-19
1264,Northeast,MA,Standard,2023-08-05
1265,Southwest,AZ,Standard,2024-06-04
1266,Northeast,NY,Standard,2024-01-06
1267,West,WA,Standard,2023-10-16
1268,West,CO,Standard,2022-08-04
1269,Southeast,GA,Standard,2024-10-18
1270,Midwest,MI,Premium,2022-07-31
1271,Midwest,OH,Standard,2022-05-01
1272,West,CA,Standard,2022-01-28
1273,Southwest,TX,Premium,2024-03-05
1274,Southeast,TN,Standard,2022-03-30
1275,Northeast,NY,Standard,2024-09-24
1276,Northeast,NY,Standard,2024-06-08
1277,Southeast,FL,Standard,2024-11-23
1278,Northeast,PA,Standard,2023-05-01
1279,Southeast,GA,Standard,2022-08-03
1280,Northeast,CT,Standard,2022-08-09
1281,West,NV,Standard,2024-11-08
1282,Southwest,OK,Standard,2022-03-01
1283,Southeast,NC,Standard,2022-09-06
1284,Southwest,OK,Standard,2024-01-28
1285,Southeast,FL,Standard,2023-06-20
1286,Southeast,GA,Standard,2022-11-24
1287,Midwest,MI,Standard,2024-07-18
1288,Southeast,VA,Premium,2023-10-21
1289,Southeast,VA,Premium,2024-07-14
1290,Southeast,FL,Standard,2022-03-10
1291,Southeast,TN,Standard,2023-11-10
1292,Midwest,IL,Standard,2022-05-04
1293,Midwest,IL,Premium,2023-06-13
1294,Northeast,NJ,Standard,2023-03-10
1295,Midwest,WI,Standard,2024-09-10
1296,Midwest,MN,Standard,2024-01-16
1297,Southwest,TX,Standard,2022-01-02
1298,Northeast,NY,Standard,2023-01-01
1299,Southeast,VA,Premium,2024-07-27
1300,West,CO,Premium,2024-07-25
1301,Southeast,NC,Standard,2023-12-12
1302,Northeast,NJ,Standard,2022-12-25
1303,West,NV,Standard,2023-06-03
1304,West,CO,Premium,2022-04-07
1305,Southwest,NM,Standard,2022-10-28
1306,West,NV,Premium,2023-08-10
1307,Southwest,TX,Standard,2023-07-22
1308,Southwest,TX,Standard,2024-07-28
1309,Southwest,NM,Standard,2022-10-18
1310,Southwest,AZ,Standard,2022-10-11
1311,Northeast,MA,Standard,2024-05-17
1312,West,CA,Standard,2023-10-20
1313,Northeast,MA,Premium,2024-09-10
1314,Midwest,MI,VIP,2024-04-14
1315,Midwest,MN,Standard,2023-11-14
1316,Midwest,IL,Standard,2022-11-03
1317,Northeast,NJ,Standard,2024-05-31
1318,Northeast,CT,Standard,2023-07-09
1319,West,WA,Standard,2023-09-04
1320,Southeast,VA,VIP,2023-07-05
1321,Southeast,TN,Standard,2023-01-04
1322,West,WA,Standard,2023-11-14
1323,Northeast,PA,Standard,2024-11-30
1324,Midwest,MN,Standard,2023-05-17
1325,Midwest,OH,Standard,2022-04-27
1326,West,WA,Standard,2023-07-07
1327,Southwest,OK,VIP,2023-05-26
1328,West,CA,Standard,2024-07-02
1329,Northeast,NY,Premium,2022-10-15
1330,Midwest,OH,Standard,2024-07-31
1331,Southeast,GA,Standard,2022-12-12
1332,Northeast,NJ,Standard,2023-03-19
1333,West,WA,VIP,2024-08-05
1334,Midwest,IL,Standard,2023-11-22
1335,Midwest,MI,Standard,2022-10-18
1336,Northeast,NJ,VIP,2022-03-03
1337,Midwest,IL,Standard,2022-06-30
1338,Northeast,PA,Standard,2024-07-21
1339,Midwest,OH,Premium,2024-09-19
1340,Southwest,AZ,Standard,2023-10-23
1341,Northeast,CT,Standard,2024-07-20
1342,Southeast,VA,Premium,2022-06-25
1343,Midwest,MI,Premium,2023-11-14
1344,Northeast,MA,Premium,2023-06-06
1345,Southwest,OK,Standard,2022-11-26
1346,Northeast,CT,Standard,2022-08-17
1347,Southwest,TX,Standard,2022-12-24
1348,Midwest,MN,Standard,2024-07-16
1349,Northeast,PA,Standard,2024-04-22
1350,Midwest,MN,Standard,2022-01-10
1351,Southeast,FL,Standard,2023-08-13
1352,West,CO,Premium,2022-05-27
1353,West,NV,Standard,2023-06-19
1354,West,OR,VIP,2022-10-29
1355,Southeast,FL,Premium,2024-10-14
1356,Northeast,NY,Standard,2022-12-06
1357,Southeast,NC,Standard,2024-11-11
1358,West,CO,VIP,2023-02-18
1359,West,OR,Standard,2024-07-20
1360,Southwest,AZ,Standard,2022-12-24
1361,Southwest,OK,Standard,2022-05-27
1362,Southeast,VA,Standard,2022-03-06
1363,Southeast,GA,Standard,2023-12-28
1364,Northeast,PA,Standard,2023-10-01
1365,West,WA,Standard,2023-12-29
1366,Southeast,FL,Standard,2023-10-03
1367,Southeast,FL,Standard,2023-12-26
1368,Northeast,PA,Standard,2024-07-27
1369,Midwest,OH,Standard,2024-05-23
1370,West,CO,VIP,2022-11-19
1371,Midwest,MI,Standard,2022-04-02
1372,West,CO,Standard,2023-08-25
1373,Southeast,VA,Standard,2024-06-23
1374,Midwest,WI,Standard,2023-03-16
1375,Midwest,MN,Premium,2022-11-30
1376,Northeast,NJ,Standard,2024-05-04
1377,Midwest,IL,Standard,2022-12-31
1378,West,NV,Standard,2023-05-16
1379,Southeast,TN,Standard,2022-10-06
1380,Southeast,NC,Standard,2022-05-17
1381,West,NV,Premium,2022-03-28
1382,Northeast,MA,Standard,2023-05-28
1383,Midwest,MI,Standard,2024-05-07
1384,Northeast,NY,Standard,2024-05-17
1385,West,CO,Standard,2024-08-29
1386,West,WA,Standard,2024-11-01
1387,Northeast,NJ,Standard,2022-11-02
1388,West,NV,Standard,2022-11-06
1389,Southeast,FL,VIP,2022-03-02
1390,Midwest,IL,Standard,2024-03-10
1391,Southeast,TN,Standard,2022-12-13
1392,Northeast,CT,Standard,2024-02-20
1393,Southeast,TN,Standard,2024-09-23
1394,Northeast,MA,VIP,2024-01-15
1395,Midwest,OH,VIP,2023-08-12
1396,Northeast,MA,Standard,2024-01-29
1397,Southwest,NM,Premium,2024-11-12
1398,Southeast,VA,Standard,2022-03-02
1399,Northeast,NJ,Premium,2022-03-06
1400,Southeast,TN,Standard,2024-12-20
1401,Midwest,IL,Premium,2024-06-13
1402,Northeast,NY,Standard,2023-04-18
1403,West,CO,Premium,2023-09-24
1404,Southeast,VA,Premium,2022-07-25
1405,Southwest,AZ,Standard,2022-01-10
1406,Southwest,OK,Standard,2024-07-14
1407,Northeast,NJ,Premium,2022-06-02
1408,Midwest,WI,Standard,2024-10-10
1409,Southwest,OK,Standard,2023-05-17
1410,Southeast,NC,Premium,2022-05-17
1411,Midwest,OH,Standard,2023-01-17
1412,West,CO,Standard,2024-08-31
1413,Northeast,NJ,Standard,2022-04-27
1414,West,CA,Standard,2022-12-12
1415,Midwest,MN,Premium,2022-01-08
1416,Southwest,NM,Standard,2023-05-02
1417,Midwest,OH,Premium,2023-03-20
1418,Northeast,PA,Standard,2022-04-07
1419,Southwest,AZ,Standard,2024-12-16
1420,Southeast,GA,Premium,2022-02-03
1421,West,WA,Standard,2024-10-23
1422,Southwest,NM,Standard,2022-08-07
1423,Southeast,TN,Standard,2022-05-18
1424,Southeast,FL,Standard,2024-04-12
1425,Southwest,TX,Standard,2023-02-06
1426,Southeast,VA,Premium,2023-04-04
1427,Midwest,MN,Standard,2022-12-14
1428,Southeast,VA,Standard,2022-04-11
1429,Southwest,TX,Standard,2024-01-23
1430,Southeast,NC,Standard,2024-12-23
1431,Southwest,AZ,Standard,2024-01-30
1432,Southwest,NM,Standard,2024-08-02
1433,West,CO,Premium,2024-01-29
1434,West,CA,Standard,2023-09-16
1435,Midwest,OH,Standard,2024-04-03
1436,Midwest,MN,Standard,2022-10-13
1437,Midwest,MN,Standard,2023-11-23
1438,Midwest,MI,Standard,2022-11-21
1439,West,CO,Standard,2022-10-10
1440,Midwest,IL,Standard,2022-06-29
1441,Southeast,GA,Premium,2023-11-20
1442,Midwest,IL,Premium,2023-09-25
1443,Southwest,AZ,Premium,2022-10-03
1444,West,NV,Premium,2023-07-01
1445,Southeast,GA,Standard,2024-12-29
1446,Southeast,NC,Standard,2023-07-28
1447,Southwest,OK,Standard,2023-12-13
1448,West,NV,Premium,2023-12-06
1449,Southeast,TN,Standard,2022-10-09
1450,Northeast,CT,Standard,2023-02-28
1451,West,NV,Premium,2024-02-17
1452,Northeast,NY,VIP,2024-07-28
1453,Northeast,NJ,Standard,2024-05-14
1454,Midwest,MI,Standard,2024-02-02
1455,Southwest,TX,Standard,2023-01-16
1456,Northeast,NJ,Premium,2023-12-09
1457,Southwest,NM,Standard,2022-10-07
1458,Southwest,NM,Standard,2022-02-13
1459,Southeast,GA,Standard,2023-10-12
1460,West,CA,Standard,2023-05-29
1461,West,WA,Standard,2023-03-12
1462,West,CA,VIP,2023-12-26
1463,West,NV,Standard,2024-02-23
1464,Southeast,TN,Standard,2023-12-19
1465,Northeast,CT,Standard,2024-02-23
1466,West,OR,Standard,2024-01-05
1467,West,WA,Standard,2022-05-31
1468,West,CA,Standard,2022-07-30
1469,Northeast,PA,Standard,2022-01-28
1470,Southwest,OK,Premium,2023-04-25
1471,Southeast,FL,Standard,2024-04-08
1472,Midwest,WI,Standard,2022-07-21
1473,Northeast,NY,Premium,2022-01-20
1474,Northeast,CT,Standard,2023-01-18
1475,Midwest,MN,Standard,2024-03-16
1476,Southwest,OK,Premium,2024-01-23
1477,West,WA,Standard,2022-05-19
1478,Northeast,NY,Premium,2023-11-10
1479,Northeast,MA,Standard,2022-04-26
1480,West,NV,Standard,2024-04-30
1481,Northeast,MA,Premium,2022-03-03
1482,Southwest,NM,VIP,2022-11-25
1483,Northeast,PA,VIP,2022-02-06
1484,Midwest,MI,Premium,2022-07-12
1485,Southeast,VA,Standard,2023-06-14
1486,Northeast,MA,Premium,2023-07-03
1487,West,OR,Standard,2022-09-13
1488,Northeast,NY,Standard,2024-06-30
1489,Midwest,WI,Standard,2023-03-20
1490,West,WA,VIP,2024-09-19
1491,Northeast,PA,Standard,2022-10-11
1492,West,CA,Standard,2023-12-20
1493,West,CO,Standard,2024-01-19
1494,Northeast,CT,Standard,2022-07-26
1495,Southeast,VA,Standard,2022-04-25
1496,Midwest,IL,Standard,2023-04-09
1497,Midwest,MN,Standard,2022-04-17
1498,Northeast,NJ,Standard,2022-06-30
1499,Northeast,MA,Standard,2024-01-12
1500,Southwest,NM,Standard,2022-04-23
1501,Northeast,NY,Premium,2023-09-16
1502,West,CA,Standard,2024-01-28
1503,Southwest,NM,Standard,2022-09-05
1504,Northeast,PA,Premium,2022-04-28
1505,West,NV,Premium,2023-05-06
1506,Midwest,WI,Standard,2024-04-14
1507,West,WA,VIP,2024-11-09
1508,Southeast,FL,Standard,2022-03-15
1509,Southeast,FL,Standard,2022-06-28
1510,Southeast,GA,Standard,2023-02-15
1511,Southwest,TX,Standard,2024-09-10
1512,West,OR,Standard,2023-10-15
1513,Northeast,CT,Standard,2024-09-26
1514,Northeast,NY,Premium,2022-03-26
1515,Southeast,FL,VIP,2024-09-29
1516,Midwest,WI,Standard,2024-12-18
1517,Southeast,GA,Standard,2022-11-24
1518,Northeast,NJ,Premium,2022-08-12
1519,Southeast,FL,Standard,2024-12-10
1520,Southwest,TX,Premium,2024-09-19
1521,Northeast,NY,Standard,2022-06-07
1522,Southwest,NM,Standard,2024-10-13
1523,Midwest,MN,Standard,2024-02-15
1524,Southwest,NM,Standard,2024-04-04
1525,Midwest,MI,VIP,2023-06-04
1526,West,NV,Standard,2023-03-04
1527,West,CO,Standard,2023-10-24
1528,Southwest,AZ,Standard,2023-11-18
1529,Northeast,NJ,Premium,2022-09-16
1530,Northeast,CT,Standard,2023-07-09
1531,Northeast,NY,Standard,2024-02-25
1532,Southwest,NM,Premium,2022-06-07
1533,Northeast,MA,Standard,2023-07-30
1534,Northeast,CT,Standard,2024-02-26
1535,Midwest,MI,Standard,2024-12-11
1536,Southeast,VA,Standard,2023-04-27
1537,Northeast,NY,Standard,2022-10-10
1538,West,CA,Standard,2022-02-27
1539,Southwest,TX,Standard,2023-01-28
1540,West,WA,Standard,2022-05-24
1541,Southeast,GA,Standard,2024-02-26
1542,Midwest,WI,Standard,2023-05-24
1543,Southeast,GA,Standard,2023-11-23
1544,Midwest,OH,VIP,2023-05-18
1545,Northeast,PA,Standard,2023-05-28
1546,West,WA,Premium,2023-04-04
1547,Midwest,OH,VIP,2023-12-31
1548,Southeast,FL,Premium,2023-04-16
1549,Southeast,VA,Standard,2022-09-26
1550,Southwest,TX,VIP,2022-01-06
1551,Southeast,VA,Standard,2022-12-29
1552,Southeast,NC,Standard,2024-12-26
1553,West,NV,Standard,2022-11-05
1554,Southeast,GA,VIP,2023-02-05
1555,Northeast,PA,Standard,2022-01-08
1556,Southwest,NM,Standard,2024-12-09
1557,Southwest,OK,Standard,2022-02-19
1558,Southwest,AZ,Premium,2023-11-14
1559,Northeast,NY,Standard,2024-11-03
1560,Southeast,VA,Standard,2024-09-09
1561,West,WA,VIP,2024-06-22
1562,West,NV,Standard,2024-11-08
1563,Northeast,NY,Standard,2024-11-22
1564,Southeast,TN,VIP,2023-08-11
1565,Midwest,IL,Standard,2023-09-13
1566,West,NV,Premium,2022-01-15
1567,Midwest,MN,Premium,2024-06-14
1568,Southwest,TX,Standard,2024-04-17
1569,Midwest,IL,Premium,2023-08-11
1570,West,OR,Standard,2022-06-22
1571,West,CO,Premium,2023-10-03
1572,Southeast,FL,Premium,2024-06-14
1573,West,NV,Standard,2024-04-05
1574,Northeast,MA,Standard,2024-06-11
1575,Southeast,TN,Premium,2024-07-26
1576,Northeast,NJ,Standard,2024-02-28
1577,Northeast,CT,VIP,2024-09-15
1578,Southwest,TX,Standard,2022-09-16
1579,Southwest,OK,Premium,2023-02-26
1580,Southeast,TN,Standard,2023-04-14
1581,Northeast,MA,Standard,2024-07-23
1582,Midwest,IL,Premium,2024-10-22
1583,Midwest,IL,Standard,2023-08-03
1584,Midwest,MN,Standard,2023-06-01
1585,Midwest,IL,Premium,2023-03-18
1586,Southeast,TN,Premium,2024-10-01
1587,West,NV,Standard,2023-09-03
1588,West,NV,Standard,2024-05-02
1589,Northeast,NY,Standard,2022-12-20
1590,Midwest,WI,Standard,2024-01-07
1591,Southeast,FL,Standard,2023-06-29
1592,Southeast,FL,Standard,2024-02-16
1593,Northeast,PA,Standard,2022-11-10
1594,Southwest,TX,Standard,2024-03-23
1595,Northeast,MA,Premium,2024-01-19
1596,Northeast,MA,Standard,2022-07-26
1597,Southeast,FL,Standard,2022-09-14
1598,Northeast,CT,Standard,2024-03-15
1599,Southeast,VA,Standard,2022-10-23
1600,Southwest,OK,Standard,2022-02-11
1601,Southwest,AZ,Standard,2022-05-05
1602,Northeast,PA,Premium,2024-05-11
1603,Midwest,MI,Standard,2022-11-08
1604,Southeast,TN,Standard,2022-03-26
1605,Northeast,NJ,Standard,2024-10-18
1606,Southwest,AZ,Standard,2023-06-01
1607,West,NV,Standard,2024-04-08
1608,Northeast,MA,Standard,2024-11-02
1609,Midwest,WI,Standard,2024-03-04
1610,Midwest,MI,Standard,2024-03-24
1611,Southwest,NM,Standard,2023-06-25
1612,West,WA,Premium,2024-08-31
1613,Northeast,NY,Standard,2023-09-13
1614,Southwest,AZ,Standard,2023-11-17
1615,Northeast,PA,Standard,2024-08-27
1616,Northeast,NJ,Standard,2022-08-05
1617,Southeast,TN,Standard,2022-05-08
1618,West,CO,Standard,2022-01-18
1619,Southeast,NC,Standard,2024-02-03
1620,Southwest,AZ,VIP,2022-01-03
1621,Southwest,OK,Standard,2024-07-11
1622,Northeast,NJ,Standard,2022-01-02
1623,West,OR,Standard,2022-04-10
1624,West,CO,Standard,2022-12-12
1625,West,WA,Premium,2024-01-29
1626,Southeast,VA,Premium,2024-05-29
1627,Northeast,MA,Standard,2024-05-24
1628,Southwest,OK,Premium,2023-02-20
1629,Northeast,CT,Standard,2024-12-15
1630,West,CA,Standard,2024-09-24
1631,Midwest,OH,VIP,2022-06-24
1632,Southeast,NC,Standard,2023-12-31
1633,Northeast,MA,Standard,2024-03-21
1634,Southwest,AZ,Standard,2022-07-25
1635,Northeast,NJ,Standard,2024-09-03
1636,Southeast,NC,Standard,2023-03-15
1637,Midwest,WI,Standard,2024-07-04
1638,Northeast,MA,Standard,2023-07-24
1639,Northeast,MA,Premium,2023-07-03
1640,West,OR,Standard,2024-09-11
1641,West,WA,VIP,2022-03-13
1642,Midwest,OH,VIP,2024-04-28
1643,Southwest,TX,Premium,2022-08-02
1644,West,OR,Standard,2022-03-10
1645,Southeast,TN,Standard,2023-08-10
1646,Northeast,NY,Standard,2023-03-03
1647,West,NV,VIP,2024-02-04
1648,Southeast,GA,Standard,2024-05-07
1649,Midwest,MI,Standard,2022-06-29
1650,Midwest,MN,Standard,2023-02-07
1651,Midwest,WI,Premium,2024-08-31
1652,Midwest,MN,Standard,2024-10-19
1653,Southwest,TX,Standard,2022-04-03
1654,Southwest,NM,Standard,2023-08-21
1655,Southeast,GA,Standard,2022-12-12
1656,Southwest,AZ,Standard,2022-02-11
1657,Southwest,AZ,Standard,2023-04-07
1658,Northeast,NY,Standard,2023-05-20
1659,Southeast,NC,Standard,2023-12-14
1660,West,CO,Premium,2024-08-08
1661,Southeast,FL,Standard,2024-12-30
1662,Northeast,PA,Standard,2024-10-05
1663,West,CA,Standard,2024-10-31
1664,Southwest,OK,Premium,2024-09-19
1665,Midwest,MN,Standard,2024-05-26
1666,Southwest,OK,Standard,2024-06-28
1667,Southwest,TX,Standard,2023-10-26
1668,Southwest,TX,Standard,2024-03-22
1669,West,WA,Premium,2023-10-20
1670,Midwest,IL,Standard,2024-09-03
1671,Southwest,OK,Standard,2024-03-24
1672,Southeast,GA,Standard,2023-12-12
1673,Southwest,TX,Standard,2024-12-20
1674,Southeast,NC,Standard,2023-04-28
1675,West,CA,Standard,2024-05-21
1676,Midwest,IL,Standard,2023-07-27
1677,Northeast,CT,Standard,2024-03-30
1678,Northeast,NJ,Premium,2023-03-10
1679,Northeast,MA,Premium,2024-04-28
1680,Southwest,NM,Standard,2024-12-18
1681,Midwest,MI,Standard,2023-10-05
1682,Northeast,CT,VIP,2024-04-19
1683,Southeast,GA,Standard,2024-03-15
1684,Southeast,FL,Standard,2024-04-28
1685,Midwest,MN,Standard,2024-11-11
1686,West,OR,Standard,2022-08-06
1687,Northeast,MA,VIP,2023-06-15
1688,Northeast,NJ,Premium,2024-12-27
1689,Midwest,IL,Premium,2022-09-10
1690,Southwest,TX,Standard,2024-01-22
1691,West,WA,Standard,2024-02-09
1692,West,OR,Standard,2024-10-19
1693,Southwest,NM,Standard,2023-05-07
1694,West,CA,Premium,2024-10-09
1695,Midwest,WI,Standard,2023-10-11
1696,Midwest,MI,Standard,2024-11-28
1697,Northeast,MA,Standard,2024-07-05
1698,Northeast,NY,Standard,2022-11-24
1699,Southeast,FL,Standard,2023-05-01
1700,West,CA,Standard,2023-07-29
1701,West,CA,VIP,2024-07-10
1702,Northeast,PA,Premium,2024-04-24
1703,West,OR,Standard,2022-02-27
1704,West,CO,Standard,2022-04-10
1705,West,NV,Premium,2022-08-18
1706,Midwest,OH,Standard,2022-08-20
1707,West,NV,Premium,2024-03-10
1708,Southwest,NM,Standard,2024-07-10
1709,Midwest,MI,VIP,2022-01-10
1710,Northeast,PA,Standard,2024-08-30
1711,Midwest,MI,Standard,2024-11-28
1712,Midwest,MN,Standard,2023-06-26
1713,Northeast,NY,Standard,2022-06-08
1714,Midwest,IL,Standard,2023-06-14
1715,Southeast,NC,Premium,2024-02-20
1716,Southeast,TN,Standard,2024-08-23
1717,Midwest,MN,Standard,2023-09-24
1718,Northeast,NJ,Premium,2022-05-08
1719,Southwest,NM,Standard,2023-09-08
1720,Northeast,NJ,Standard,2024-12-03
1721,West,CO,Standard,2024-10-10
1722,Midwest,MI,VIP,2024-03-20
1723,Northeast,MA,Standard,2023-01-07
1724,Southwest,TX,Standard,2024-05-15
1725,Midwest,MI,Standard,2024-07-24
1726,Southwest,OK,Premium,2022-02-01
1727,Southwest,NM,Standard,2023-08-08
1728,Midwest,WI,Standard,2023-07-24
1729,Midwest,OH,Standard,2023-08-11
1730,West,OR,Standard,2022-04-05
1731,Midwest,MN,Standard,2022-04-22
1732,Southwest,OK,Standard,2023-04-08
1733,Northeast,CT,Standard,2024-05-03
1734,Southwest,AZ,Standard,2024-06-03
1735,Southwest,AZ,Premium,2023-04-25
1736,West,CA,VIP,2024-11-03
1737,Northeast,NY,Premium,2023-10-06
1738,Northeast,NJ,Standard,2022-09-06
1739,Midwest,MI,Standard,2023-06-29
1740,Southeast,VA,Premium,2024-01-21
1741,West,WA,Standard,2023-03-24
1742,Midwest,WI,Standard,2022-10-03
1743,Southeast,GA,Premium,2023-09-05
1744,Southeast,NC,Standard,2024-03-28
1745,West,CO,Standard,2024-03-26
1746,Northeast,NY,Standard,2024-08-14
1747,Northeast,NJ,Standard,2024-07-29
1748,Southwest,OK,Premium,2022-02-17
1749,Southeast,FL,Standard,2024-08-04
1750,Southeast,TN,Standard,2023-03-15
1751,Southeast,TN,Standard,2022-03-21
1752,West,CO,Standard,2024-05-29
1753,Midwest,OH,Standard,2023-01-25
1754,West,WA,Standard,2022-01-28
1755,Northeast,PA,Standard,2023-05-18
1756,West,CA,Standard,2022-09-25
1757,Southeast,TN,Standard,2022-09-12
1758,Southwest,OK,Standard,2022-01-14
1759,Northeast,CT,Standard,2024-08-29
1760,West,NV,Standard,2023-09-22
1761,West,NV,Standard,2024-07-28
1762,Midwest,WI,Standard,2024-10-19
1763,Southeast,VA,Standard,2024-02-16
1764,Northeast,CT,Standard,2024-10-24
1765,Northeast,PA,Premium,2023-12-02
1766,West,WA,VIP,2024-01-14
1767,Northeast,PA,Standard,2022-11-11
1768,Midwest,IL,Standard,2022-07-10
1769,West,OR,Premium,2023-09-19
1770,West,CO,Standard,2023-10-18
1771,Midwest,MN,Standard,2024-05-18
1772,West,CO,Standard,2024-08-23
1773,Southeast,TN,Premium,2023-11-28
1774,Northeast,PA,Standard,2024-03-17
1775,Midwest,OH,Standard,2022-06-01
1776,Midwest,MN,Standard,2022-12-12
1777,Southwest,AZ,Premium,2024-10-27
1778,West,CA,Standard,2024-06-23
1779,Southeast,FL,Standard,2024-01-24
1780,Southeast,VA,VIP,2022-12-09
1781,Northeast,NY,Standard,2023-09-27
1782,Southwest,OK,Standard,2023-04-20
1783,West,CA,Standard,2023-01-01
1784,Southeast,TN,Standard,2022-03-01
1785,Southwest,OK,Standard,2022-05-24
1786,Southeast,GA,Premium,2024-02-17
1787,Midwest,OH,VIP,2024-04-23
1788,Southwest,AZ,Premium,2022-08-04
1789,Northeast,NJ,VIP,2022-11-14
1790,West,NV,Standard,2024-10-20
1791,Southeast,NC,Standard,2023-11-09
1792,Northeast,NJ,Standard,2023-10-10
1793,Southwest,AZ,Standard,2024-09-22
1794,Northeast,MA,Standard,2023-07-10
1795,Southeast,VA,Standard,2024-10-16
1796,West,NV,Standard,2022-04-28
1797,Midwest,IL,Premium,2023-11-26
1798,Northeast,NY,VIP,2022-03-27
1799,Midwest,MN,Standard,2022-12-02
1800,Northeast,CT,Standard,2022-04-01
1801,Southwest,AZ,Standard,2022-11-08
1802,Midwest,OH,Standard,2024-04-20
1803,Northeast,NJ,Standard,2024-10-29
1804,West,CO,Standard,2022-06-13
1805,Midwest,MN,Standard,2023-06-07
1806,West,WA,Standard,2022-05-03
1807,Northeast,MA,Standard,2023-04-07
1808,Southeast,NC,Premium,2023-11-20
1809,Southwest,OK,Standard,2022-09-10
1810,West,OR,Standard,2024-09-16
1811,Northeast,PA,VIP,2023-12-12
1812,Southeast,VA,Standard,2024-09-24
1813,Midwest,WI,Premium,2022-07-08
1814,West,CO,Standard,2022-02-13
1815,Southeast,VA,Standard,2024-03-01
1816,West,WA,Standard,2023-04-13
1817,Northeast,PA,Standard,2022-02-24
1818,Midwest,OH,Standard,2022-12-06
1819,West,CA,Standard,2022-01-06
1820,Northeast,NY,Premium,2022-05-30
1821,Southeast,NC,VIP,2024-05-15
1822,Southeast,NC,Standard,2022-01-08
1823,West,OR,Standard,2024-02-09
1824,West,OR,Standard,2024-11-27
1825,West,WA,Standard,2022-05-19
1826,West,CA,Premium,2023-03-30
1827,Northeast,MA,Standard,2022-03-08
1828,Southeast,VA,Standard,2024-03-30
1829,West,CA,Standard,2023-07-12
1830,Southwest,TX,Premium,2024-07-11
1831,Southeast,TN,Standard,2022-06-22
1832,Northeast,NJ,Premium,2023-01-17
1833,Southwest,AZ,VIP,2023-09-27
1834,Southwest,NM,Premium,2024-06-17
1835,Southeast,FL,Standard,2024-06-29
1836,Southwest,TX,Standard,2023-01-14
1837,West,CO,Standard,2022-09-30
1838,Northeast,NY,Standard,2022-07-29
1839,Midwest,MN,Standard,2024-09-15
1840,Northeast,NJ,Standard,2024-03-21
1841,Southeast,NC,Premium,2023-10-24
1842,Midwest,MI,Premium,2023-11-07
1843,Northeast,PA,Standard,2022-11-08
1844,Midwest,IL,Standard,2024-08-03
1845,West,CO,Standard,2024-08-02
1846,Southeast,TN,Standard,2023-12-09
1847,Northeast,NY,Standard,2024-05-09
1848,West,CA,Standard,2024-08-19
1849,Midwest,MI,Standard,2022-10-26
1850,Midwest,IL,Standard,2023-09-01
1851,Southeast,FL,VIP,2023-07-24
1852,Southwest,AZ,Standard,2023-05-08
1853,Southeast,GA,Standard,2024-10-09
1854,Midwest,WI,Standard,2024-12-01
1855,Southeast,TN,Standard,2023-09-21
1856,Southwest,TX,Standard,2022-01-10
1857,Southeast,VA,Standard,2023-06-15
1858,Southwest,OK,Standard,2023-07-28
1859,Southeast,GA,Standard,2022-04-10
1860,West,CO,Standard,2022-02-17
1861,Southeast,TN,Premium,2022-02-17
1862,Southeast,FL,VIP,2022-12-19
1863,West,WA,Standard,2022-12-09
1864,Midwest,IL,Standard,2024-08-23
1865,Southeast,TN,Premium,2023-03-23
1866,Northeast,NJ,Premium,2022-12-07
1867,Southeast,GA,Premium,2022-05-05
1868,Southwest,OK,Standard,2024-08-21
1869,Southeast,FL,Standard,2022-11-01
1870,Southeast,NC,Premium,2024-09-25
1871,Midwest,OH,Premium,2022-08-05
1872,West,CA,Standard,2024-11-01
1873,Northeast,NJ,Standard,2023-11-15
1874,Southwest,OK,Standard,2023-05-01
1875,Midwest,WI,Standard,2022-09-19
1876,Southeast,GA,Standard,2024-06-19
1877,Midwest,WI,Standard,2024-03-18
1878,Northeast,MA,Standard,2024-02-05
1879,Southwest,NM,Standard,2022-05-25
1880,Southwest,AZ,Standard,2023-06-13
1881,West,OR,Premium,2023-01-26
1882,Northeast,CT,VIP,2024-04-23
1883,Northeast,MA,Standard,2024-12-10
1884,Northeast,PA,Premium,2022-09-07
1885,West,WA,Standard,2023-07-04
1886,Midwest,MI,Standard,2024-04-09
1887,Southwest,OK,Premium,2023-08-17
1888,Northeast,PA,Standard,2022-10-18
1889,Southwest,NM,Standard,2023-07-22
1890,Northeast,NY,Standard,2023-06-22
1891,Midwest,MI,Standard,2024-05-20
1892,Midwest,IL,Premium,2022-03-20
1893,West,CA,Standard,2023-09-12
1894,Southwest,OK,Standard,2023-08-24
1895,West,NV,Standard,2022-11-27
1896,West,NV,Premium,2022-05-01
1897,West,WA,Standard,2022-03-22
1898,Southwest,AZ,Standard,2023-01-06
1899,Midwest,MI,Standard,2022-06-30
1900,Southwest,AZ,Premium,2024-09-18
1901,Northeast,MA,Standard,2024-06-22
1902,Northeast,MA,Standard,2022-12-20
1903,Midwest,MI,Standard,2024-09-16
1904,Southeast,FL,Standard,2022-02-18
1905,Southwest,TX,Premium,2022-12-23
1906,West,NV,Standard,2024-03-26
1907,Northeast,PA,Standard,2023-06-15
1908,Southeast,TN,Standard,2022-05-15
1909,Northeast,MA,Standard,2024-08-16
1910,Southeast,VA,Premium,2024-12-22
1911,Southwest,TX,Standard,2022-06-03
1912,Southwest,NM,Premium,2024-07-26
1913,West,CA,VIP,2024-07-11
1914,Southwest,OK,Standard,2022-03-12
1915,Southwest,AZ,VIP,2022-06-23
1916,Midwest,MN,VIP,2024-05-27
1917,Southwest,AZ,Standard,2024-08-30
1918,Northeast,NJ,Standard,2024-02-21
1919,Midwest,IL,Standard,2024-11-24
1920,Midwest,MI,Standard,2022-03-14
1921,West,WA,Standard,2024-11-05
1922,Southeast,FL,Standard,2023-03-17
1923,Northeast,PA,Standard,2022-08-23
1924,Southwest,NM,Standard,2023-09-23
1925,Midwest,MI,VIP,2023-07-22
1926,Southeast,GA,Premium,2024-10-06
1927,Northeast,NY,Standard,2024-10-30
1928,Southeast,FL,Standard,2022-10-21
1929,Midwest,MN,Premium,2024-10-27
1930,Southeast,FL,Standard,2022-06-27
1931,West,CA,Premium,2024-12-14
1932,West,WA,Standard,2022-10-23
1933,Southwest,NM,Premium,2023-06-10
1934,Southeast,TN,Premium,2023-07-18
1935,Northeast,PA,Standard,2023-11-25
1936,Northeast,MA,Standard,2022-10-16
1937,Northeast,NJ,Standard,2024-01-19
1938,Southwest,AZ,Standard,2024-12-16
1939,Midwest,OH,Standard,2022-11-06
1940,West,OR,Standard,2023-04-10
1941,Southwest,TX,Standard,2023-10-08
1942,Midwest,MN,Standard,2022-06-27
1943,West,OR,Standard,2022-03-13
1944,Southwest,NM,Standard,2023-07-07
1945,Midwest,MI,Standard,2024-11-28
1946,Northeast,NY,Standard,2023-04-20
1947,Southeast,FL,Premium,2023-06-16
1948,Midwest,WI,Standard,2022-07-31
1949,Northeast,CT,Standard,2023-12-17
1950,Northeast,CT,Standard,2022-04-21
1951,Southeast,GA,Standard,2022-11-10
1952,Midwest,MN,Standard,2024-06-14
1953,West,OR,Standard,2022-09-07
1954,Southeast,TN,Premium,2024-04-28
1955,Midwest,OH,Standard,2023-01-07
1956,Southwest,TX,Premium,2022-07-04
1957,West,NV,Premium,2023-05-18
1958,Southwest,NM,Premium,2024-12-29
1959,Midwest,IL,VIP,2022-12-17
1960,West,CA,Premium,2023-02-08
1961,Southeast,TN,Premium,2024-07-02
1962,West,CA,Standard,2023-01-04
1963,Southeast,FL,Standard,2024-02-05
1964,West,WA,Standard,2022-01-09
1965,Northeast,NJ,Standard,2023-04-27
1966,Midwest,MN,Standard,2023-04-06
1967,West,OR,Premium,2024-10-18
1968,West,NV,Standard,2023-09-16
1969,West,NV,Standard,2024-07-20
1970,Northeast,NJ,Standard,2024-11-29
1971,Southeast,GA,Standard,2024-01-17
1972,Southeast,GA,Standard,2022-07-23
1973,Southeast,TN,Standard,2022-05-04
1974,Midwest,WI,Standard,2024-03-30
1975,West,CO,Standard,2023-07-08
1976,Midwest,OH,Standard,2023-11-02
1977,Midwest,IL,Standard,2022-10-12
1978,Northeast,PA,Premium,2022-06-12
1979,Midwest,MN,Premium,2023-01-20
1980,Southeast,FL,Standard,2024-08-16
1981,Southwest,OK,VIP,2022-07-02
1982,Northeast,NJ,Standard,2024-10-28
1983,Midwest,MI,Standard,2023-07-03
1984,West,CA,Standard,2023-05-08
1985,Northeast,CT,Standard,2023-09-21
1986,West,OR,Standard,2023-01-18
1987,Southeast,TN,Premium,2024-10-04
1988,Northeast,NJ,Standard,2023-02-07
1989,Midwest,IL,Premium,2022-01-10
1990,Northeast,PA,VIP,2023-06-19
1991,Southwest,TX,Standard,2023-03-08
1992,Northeast,NY,Premium,2023-06-20
1993,Southeast,GA,Premium,2023-10-29
1994,Midwest,IL,Premium,2024-03-04
1995,West,WA,Premium,2024-06-06
1996,Southeast,GA,VIP,2022-11-04
1997,Southwest,AZ,Premium,2022-12-09
1998,West,NV,Standard,2022-07-25
1999,Southwest,AZ,Premium,2023-10-22
2000,Southeast,FL,Premium,2023-06-02
2001,Northeast,CT,Standard,2024-03-26
2002,West,CA,Standard,2024-01-11
2003,Northeast,PA,Standard,2023-07-17
2004,Southwest,OK,Standard,2023-03-21
2005,Northeast,PA,Standard,2023-10-23
2006,Southeast,NC,Premium,2024-08-24
2007,West,WA,Standard,2022-03-03
2008,Northeast,NY,VIP,2022-02-20
2009,Southeast,TN,Standard,2024-01-25
2010,Midwest,WI,Standard,2024-01-21
2011,Southwest,AZ,Standard,2022-03-22
2012,West,OR,Premium,2022-07-27
2013,Northeast,CT,Standard,2024-07-19
2014,Southwest,NM,Premium,2023-07-02
2015,Southeast,FL,Standard,2024-03-06
2016,West,NV,Standard,2024-04-22
2017,Midwest,MI,VIP,2023-07-16
2018,West,CA,VIP,2022-03-22
2019,Northeast,PA,Standard,2023-09-27
2020,Midwest,MI,Standard,2024-04-21
2021,Southwest,TX,Standard,2024-02-27
2022,Midwest,WI,Premium,2022-10-09
2023,Midwest,IL,Standard,2023-03-30
2024,Southwest,OK,Standard,2024-02-18
2025,Northeast,PA,Standard,2024-01-31
2026,West,OR,Standard,2024-04-14
2027,Midwest,IL,Standard,2023-02-06
2028,Southeast,GA,Standard,2024-11-10
2029,Southeast,GA,Standard,2023-12-02
2030,Northeast,NJ,VIP,2022-01-06
2031,Southwest,TX,VIP,2022-03-01
2032,Midwest,IL,VIP,2023-08-17
2033,Midwest,WI,VIP,2023-02-26
2034,Southeast,TN,Premium,2022-08-17
2035,Southwest,AZ,Standard,2024-01-09
2036,Northeast,PA,Standard,2023-10-19
2037,Northeast,NJ,Standard,2024-10-05
2038,Northeast,NJ,Standard,2022-05-21
2039,Midwest,IL,Standard,2024-01-04
2040,West,WA,Premium,2022-08-04
2041,Midwest,MN,Standard,2024-02-21
2042,Southwest,TX,Standard,2024-05-12
2043,West,NV,Premium,2023-07-06
2044,Southwest,TX,Standard,2024-10-08
2045,Southeast,GA,Standard,2024-05-29
2046,West,NV,VIP,2023-11-24
2047,Southeast,VA,Standard,2024-10-31
2048,Midwest,MI,Premium,2023-07-02
2049,Southwest,NM,Standard,2022-08-29
2050,Midwest,MI,VIP,2022-08-11
2051,Northeast,NY,Standard,2022-10-16
2052,Northeast,CT,VIP,2022-12-12
2053,Northeast,CT,VIP,2022-09-29
2054,Midwest,MI,Standard,2022-09-02
2055,Northeast,NJ,Standard,2023-05-19
2056,Southeast,NC,Standard,2024-10-26
2057,West,OR,Standard,2024-11-09
2058,Midwest,OH,Standard,2024-07-24
2059,West,OR,Standard,2023-09-06
2060,Northeast,NJ,Standard,2022-08-14
2061,West,CA,Standard,2024-09-18
2062,West,CA,Standard,2023-04-27
2063,Northeast,MA,Standard,2024-07-11
2064,Southeast,GA,Standard,2022-01-15
2065,Southeast,FL,Standard,2024-07-05
2066,Midwest,MN,Standard,2023-03-26
2067,Southeast,FL,Premium,2023-03-25
2068,Southeast,GA,Standard,2023-11-18
2069,Southeast,VA,Standard,2023-01-14
2070,Southeast,GA,Premium,2022-02-05
2071,West,OR,Standard,2024-08-12
2072,Northeast,NJ,Standard,2023-03-02
2073,Southeast,GA,Standard,2023-08-25
2074,West,NV,Premium,2022-08-19
2075,Southeast,TN,Standard,2022-06-14
2076,Midwest,MI,Standard,2023-06-22
2077,West,NV,VIP,2023-03-14
2078,Southeast,NC,Standard,2022-08-31
2079,Southeast,TN,Standard,2022-02-18
2080,Southeast,FL,Premium,2022-04-06
2081,West,OR,Standard,2022-02-23
2082,Northeast,NY,Standard,2022-05-13
2083,Northeast,NJ,Standard,2023-04-23
2084,West,CO,Standard,2022-12-10
2085,Southwest,AZ,Premium,2024-04-25
2086,Northeast,NJ,Premium,2023-10-16
2087,Southeast,FL,Standard,2023-07-13
2088,Midwest,OH,Standard,2022-08-18
2089,Northeast,NJ,VIP,2024-12-22
2090,West,OR,Standard,2024-11-06
2091,Northeast,PA,Premium,2024-09-27
2092,West,OR,Standard,2024-08-20
2093,Southeast,VA,VIP,2024-09-10
2094,Northeast,CT,Standard,2023-10-24
2095,West,NV,VIP,2023-11-29
2096,Northeast,PA,Standard,2024-09-28
2097,Southeast,FL,Premium,2024-03-12
2098,Southwest,NM,Standard,2024-04-05
2099,Midwest,WI,Standard,2022-12-20
2100,West,NV,Premium,2024-07-07
2101,Southwest,AZ,Premium,2023-10-29
2102,Midwest,OH,Standard,2022-08-18
2103,Midwest,IL,Premium,2024-03-16
2104,Southeast,NC,Standard,2024-10-07
2105,Midwest,WI,Premium,2022-10-09
2106,Southwest,NM,Standard,2024-01-07
2107,West,CO,Standard,2024-01-12
2108,Southwest,AZ,Premium,2022-10-25
2109,Southwest,AZ,Standard,2024-07-10
2110,West,NV,Standard,2024-03-26
2111,Northeast,NJ,Standard,2023-07-29
2112,West,CO,Standard,2022-09-26
2113,Northeast,CT,Standard,2022-10-25
2114,West,WA,Standard,2022-02-27
2115,Midwest,OH,Standard,2024-02-12
2116,Midwest,MN,Premium,2022-02-04
2117,West,OR,Standard,2022-05-04
2118,Southwest,NM,Standard,2024-05-27
2119,Southeast,VA,Standard,2022-12-25
2120,West,CO,Standard,2024-11-04
2121,Northeast,CT,Standard,2022-01-11
2122,Southeast,FL,Standard,2022-09-21
2123,Northeast,NY,Premium,2024-01-22
2124,West,WA,Standard,2023-10-03
2125,Southeast,TN,VIP,2023-01-31
2126,Southwest,AZ,Standard,2024-01-18
2127,Southwest,TX,Standard,2024-07-20
2128,Southeast,TN,Standard,2023-10-04
2129,West,OR,Standard,2024-09-27
2130,Southeast,VA,Standard,2023-10-03
2131,West,WA,Premium,2023-02-27
2132,West,CO,Standard,2022-08-06
2133,Midwest,OH,Standard,2024-01-20
2134,Northeast,PA,Standard,2023-06-13
2135,Southeast,GA,Premium,2022-09-23
2136,Northeast,NY,Premium,2024-12-19
2137,Southwest,NM,Standard,2022-11-07
2138,Northeast,CT,Standard,2024-07-07
2139,Northeast,MA,Premium,2023-10-29
2140,West,NV,Premium,2022-05-27
2141,Southeast,TN,VIP,2023-08-14
2142,Southeast,GA,Standard,2023-03-18
2143,Northeast,NY,Premium,2022-05-06
2144,Southeast,NC,Standard,2022-10-04
2145,Midwest,MN,Standard,2024-09-07
2146,Northeast,PA,Standard,2024-02-19
2147,Southeast,NC,Standard,2023-09-19
2148,Midwest,IL,Standard,2023-06-11
2149,Southeast,NC,Standard,2024-12-16
2150,Midwest,WI,Premium,2023-06-17
2151,Southeast,VA,Premium,2024-12-11
2152,Northeast,PA,Standard,2022-04-14
2153,Northeast,NY,Standard,2022-09-03
2154,Southeast,VA,Standard,2022-09-21
2155,West,WA,Standard,2022-01-22
2156,Northeast,MA,Standard,2022-08-15
2157,Southeast,TN,Standard,2023-09-25
2158,Northeast,PA,Standard,2024-10-22
2159,Southeast,TN,Premium,2023-04-22
2160,West,CA,Standard,2022-06-22
2161,Northeast,CT,Premium,2024-03-12
2162,Southeast,GA,Standard,2022-12-10
2163,Southeast,GA,VIP,2024-05-30
2164,Northeast,CT,Premium,2023-01-19
2165,Midwest,OH,VIP,2024-04-13
2166,Midwest,WI,Standard,2023-05-10
2167,West,NV,Standard,2023-04-30
2168,Southeast,TN,Standard,2022-02-23
2169,Northeast,MA,Standard,2022-01-27
2170,Southeast,TN,Standard,2024-01-02
2171,Northeast,PA,Premium,2024-10-05
2172,West,WA,Standard,2022-09-28
2173,West,CA,VIP,2023-11-04
2174,West,OR,Premium,2022-01-25
2175,West,WA,Standard,2023-02-04
2176,Midwest,WI,Standard,2022-04-29
2177,Northeast,MA,Premium,2023-12-12
2178,Northeast,NY,Standard,2022-01-29
2179,Southeast,FL,Standard,2024-03-02
2180,West,OR,Premium,2023-04-29
2181,Northeast,CT,Premium,2023-05-05
2182,Midwest,WI,Standard,2022-07-27
2183,Southwest,OK,Premium,2024-11-12
2184,Southwest,AZ,Premium,2024-05-13
2185,Southeast,TN,Standard,2022-08-09
2186,Northeast,PA,Premium,2024-05-19
2187,Midwest,MI,Standard,2022-02-01
2188,Midwest,OH,VIP,2023-02-22
2189,Northeast,MA,Premium,2023-06-27
2190,Northeast,NY,Standard,2022-03-13
2191,West,CO,Standard,2024-09-16
2192,Northeast,CT,Premium,2023-04-18
2193,West,CO,VIP,2023-06-17
2194,Midwest,IL,Standard,2022-06-29
2195,Northeast,MA,VIP,2024-04-04
2196,West,CO,Premium,2022-04-18
2197,Midwest,MI,Premium,2023-06-21
2198,Southwest,OK,Standard,2022-11-05
2199,Midwest,MI,Standard,2024-06-08
2200,Northeast,NJ,Standard,2023-11-17
2201,Southwest,OK,Standard,2024-05-14
2202,Midwest,MI,Standard,2023-04-24
2203,Southeast,GA,Standard,2023-03-02
2204,Northeast,PA,Standard,2022-06-25
2205,Southeast,TN,Standard,2023-12-27
2206,West,CO,Standard,2024-02-09
2207,Southeast,VA,Standard,2023-10-26
2208,Northeast,PA,Premium,2022-07-12
2209,Northeast,NJ,Standard,2023-05-08
2210,West,NV,Standard,2024-10-17
2211,Midwest,OH,Standard,2024-06-30
2212,West,NV,Standard,2023-07-13
2213,Southeast,FL,Standard,2024-12-27
2214,Southwest,NM,Standard,2022-02-22
2215,Southwest,OK,Standard,2024-03-27
2216,Southeast,VA,Standard,2022-09-07
2217,Northeast,PA,Premium,2022-10-21
2218,Southwest,TX,Standard,2022-05-23
2219,Northeast,PA,Standard,2022-10-19
2220,Midwest,WI,Standard,2023-05-08
2221,Northeast,PA,Standard,2022-03-20
2222,Southwest,TX,Standard,2023-04-01
2223,Northeast,NY,Standard,2024-07-29
2224,Northeast,MA,Standard,2022-05-06
2225,Southwest,NM,Premium,2024-09-25
2226,Southwest,AZ,Standard,2024-11-13
2227,Southeast,TN,Premium,2022-10-24
2228,West,OR,VIP,2022-04-21
2229,Southeast,NC,Standard,2022-08-30
2230,Southeast,VA,Standard,2024-09-21
2231,Southwest,AZ,Standard,2023-12-13
2232,Southwest,NM,Standard,2023-06-21
2233,Northeast,NJ,Premium,2024-04-18
2234,Northeast,CT,Standard,2024-10-20
2235,Northeast,CT,Standard,2023-05-29
2236,West,OR,Standard,2022-12-31
2237,Midwest,IL,Standard,2022-12-13
2238,Midwest,OH,Standard,2024-01-27
2239,West,CA,Standard,2024-09-29
2240,Southeast,TN,Premium,2023-05-11
2241,West,NV,Standard,2023-03-30
2242,Midwest,MI,Standard,2024-07-15
2243,Midwest,MN,Standard,2022-04-29
2244,Midwest,IL,Standard,2023-03-05
2245,Southwest,TX,Premium,2022-01-20
2246,Midwest,IL,Standard,2022-06-16
2247,Northeast,NJ,VIP,2024-03-14
2248,Southwest,OK,Standard,2024-05-30
2249,Southwest,NM,Standard,2024-06-12
2250,West,CO,Standard,2024-11-27
2251,West,OR,Standard,2023-03-29
2252,Southeast,VA,Standard,2023-01-26
2253,Southeast,TN,Standard,2023-04-05
2254,West,CA,Premium,2023-06-16
2255,Midwest,OH,Standard,2022-12-11
2256,Northeast,NJ,Standard,2023-03-01
2257,Southeast,GA,Standard,2024-12-30
2258,Southeast,TN,Standard,2023-01-13
2259,Northeast,MA,Standard,2022-12-09
2260,Northeast,NY,Premium,2022-05-31
2261,Southwest,TX,Standard,2024-01-05
2262,West,OR,Premium,2023-10-21
2263,Southwest,TX,Standard,2023-08-03
2264,Southeast,FL,Standard,2023-04-04
2265,Southwest,NM,Premium,2024-08-20
2266,Midwest,MI,Standard,2023-12-03
2267,West,NV,Standard,2023-09-18
2268,West,CO,Premium,2023-07-15
2269,Southwest,TX,VIP,2022-07-17
2270,Midwest,MI,Standard,2024-07-02
2271,West,CA,Premium,2022-11-07
2272,Southwest,NM,Standard,2024-09-06
2273,Midwest,MN,Standard,2024-06-04
2274,West,WA,Standard,2024-08-29
2275,Southeast,TN,Standard,2023-08-22
2276,Midwest,IL,Standard,2023-04-27
2277,Northeast,NJ,Standard,2023-12-15
2278,Southwest,AZ,Standard,2023-10-02
2279,Southeast,TN,Standard,2024-09-09
2280,Southeast,GA,Premium,2023-04-20
2281,Southeast,NC,Premium,2024-10-16
2282,West,OR,Premium,2022-07-14
2283,Southeast,NC,VIP,2022-05-29
2284,Midwest,OH,Standard,2022-07-06
2285,Midwest,MI,Premium,2023-08-08
2286,Northeast,NJ,VIP,2024-12-16
2287,West,CA,Standard,2023-10-04
2288,Southeast,TN,Standard,2023-07-28
2289,Northeast,NY,Standard,2022-01-14
2290,Midwest,IL,Standard,2022-03-11
2291,West,CO,Standard,2024-10-13
2292,West,CA,Standard,2024-03-30
2293,West,OR,Premium,2024-06-01
2294,Southeast,GA,Premium,2024-03-24
2295,West,CA,Standard,2022-10-11
2296,West,CO,Standard,2024-04-05
2297,Southeast,FL,VIP,2024-06-30
2298,Southwest,TX,Standard,2023-01-25
2299,Southeast,TN,Standard,2024-06-02
2300,Midwest,WI,Standard,2024-12-11
2301,Southeast,FL,Standard,2023-04-12
2302,Southeast,NC,Standard,2023-04-18
2303,Northeast,PA,Standard,2023-11-08
2304,Southwest,TX,Standard,2022-04-21
2305,Midwest,MN,Standard,2024-05-01
2306,West,WA,Standard,2023-02-26
2307,Southwest,AZ,Standard,2022-01-22
2308,Southwest,OK,Standard,2022-09-30
2309,Midwest,MN,Premium,2022-05-20
2310,Southeast,FL,Premium,2024-07-15
2311,Midwest,WI,Standard,2024-02-11
2312,Southeast,TN,Standard,2024-04-26
2313,Southeast,GA,Premium,2022-12-16
2314,Northeast,CT,Standard,2023-06-01
2315,Midwest,MI,Standard,2022-05-05
2316,Southeast,FL,Standard,2023-11-19
2317,Southeast,VA,Standard,2022-05-30
2318,Midwest,IL,Standard,2024-04-16
2319,Midwest,WI,Standard,2023-08-28
2320,Southwest,OK,Standard,2024-04-20
2321,Northeast,NJ,Standard,2023-10-25
2322,Northeast,NJ,Standard,2024-02-16
2323,Midwest,WI,Standard,2023-05-19
2324,Southeast,GA,Standard,2023-02-27
2325,Midwest,IL,Standard,2022-03-09
2326,Southwest,AZ,Standard,2024-10-30
2327,Northeast,CT,Standard,2024-10-04
2328,Northeast,NJ,Standard,2023-09-06
2329,Northeast,MA,Standard,2024-03-13
2330,West,WA,VIP,2023-12-16
2331,Northeast,NY,Standard,2022-02-01
2332,Southwest,OK,Standard,2024-12-25
2333,Midwest,WI,Standard,2023-05-13
2334,Southeast,GA,Premium,2023-11-06
2335,Northeast,CT,Standard,2023-09-12
2336,Southwest,NM,Standard,2024-02-24
2337,Southeast,GA,Standard,2024-10-09
2338,Northeast,PA,Premium,2024-09-28
2339,Northeast,NY,VIP,2024-10-24
2340,West,CO,Standard,2024-03-04
2341,Southwest,NM,Standard,2022-07-22
2342,Southeast,NC,VIP,2023-06-25
2343,Northeast,NY,Standard,2022-02-26
2344,West,NV,VIP,2023-02-04
2345,West,OR,Standard,2023-02-03
2346,Midwest,MN,Standard,2023-08-30
2347,West,WA,Standard,2022-01-31
2348,West,CA,Standard,2024-06-26
2349,Midwest,MI,Standard,2024-08-02
2350,West,CA,Premium,2022-06-22
2351,Midwest,IL,Standard,2024-12-09
2352,Southeast,VA,Premium,2022-04-28
2353,Northeast,MA,Standard,2022-04-07
2354,West,CA,Standard,2023-05-22
2355,Southeast,NC,Standard,2024-06-06
2356,Southeast,NC,Premium,2024-10-16
2357,Southeast,VA,Standard,2023-03-13
2358,Northeast,MA,Standard,2023-01-07
2359,Southeast,GA,Standard,2022-08-23
2360,Southeast,VA,Standard,2023-11-30
2361,Southwest,TX,Standard,2023-12-26
2362,Midwest,MI,Standard,2024-01-13
2363,Midwest,MN,Standard,2023-08-30
2364,Southeast,TN,Standard,2022-12-31
2365,Southwest,TX,Premium,2023-05-14
2366,Midwest,WI,Standard,2023-02-16
2367,West,WA,Standard,2023-05-18
2368,Southwest,OK,Standard,2023-06-06
2369,Southeast,VA,VIP,2024-05-15
2370,Southeast,VA,VIP,2024-09-27
2371,Midwest,MN,Standard,2024-07-22
2372,Midwest,IL,Standard,2022-06-26
2373,Northeast,NY,Standard,2023-02-06
2374,Northeast,NY,Premium,2022-04-09
2375,Southwest,AZ,Premium,2022-02-12
2376,Southwest,NM,Premium,2022-05-04
2377,Midwest,MI,Standard,2023-02-23
2378,Midwest,MN,Standard,2022-11-05
2379,Southeast,NC,Premium,2023-05-13
2380,Southwest,OK,Standard,2024-02-09
2381,Southwest,TX,Standard,2022-12-13
2382,West,WA,Standard,2023-12-28
2383,Midwest,MN,Standard,2024-11-09
2384,Midwest,OH,Standard,2022-05-03
2385,West,CA,Standard,2024-10-28
2386,Southwest,AZ,Standard,2024-10-07
2387,West,CO,Premium,2022-07-14
2388,West,NV,VIP,2023-02-04
2389,West,CA,Premium,2023-04-09
2390,Midwest,OH,Premium,2024-04-15
2391,Southwest,TX,Premium,2024-03-27
2392,West,OR,Premium,2022-12-27
2393,Northeast,CT,Premium,2024-05-28
2394,Northeast,NJ,Standard,2023-06-19
2395,Southwest,NM,Standard,2023-05-09
2396,West,CO,Premium,2023-07-27
2397,Northeast,MA,Standard,2023-01-20
2398,West,NV,Premium,2022-09-01
2399,Southwest,NM,Premium,2024-05-29
2400,Southeast,FL,Standard,2023-09-08
2401,Southeast,NC,VIP,2024-08-02
2402,West,CA,Premium,2024-11-18
2403,West,OR,Standard,2023-10-21
2404,Southwest,OK,Standard,2023-08-09
2405,Southwest,AZ,Standard,2024-04-30
2406,Midwest,OH,Standard,2024-05-18
2407,Southeast,VA,Standard,2023-10-15
2408,Northeast,CT,Premium,2023-03-27
2409,Southeast,FL,Standard,2024-07-02
2410,West,WA,Standard,2022-05-28
2411,Midwest,MN,Standard,2023-12-20
2412,Northeast,NY,Standard,2023-03-16
2413,West,WA,VIP,2023-01-01
2414,Northeast,PA,Premium,2024-07-24
2415,Northeast,NY,Standard,2022-10-19
2416,Midwest,WI,Premium,2023-11-12
2417,Midwest,MN,Standard,2024-05-23
2418,Midwest,MI,Standard,2023-03-23
2419,Northeast,NY,Standard,2023-05-19
2420,West,NV,Standard,2024-11-10
2421,West,CO,Standard,2024-10-19
2422,West,OR,Premium,2023-08-12
2423,Northeast,NY,Standard,2024-08-18
2424,Northeast,PA,Standard,2022-06-27
2425,Southwest,AZ,Premium,2023-10-01
2426,West,CA,Premium,2022-01-05
2427,Southwest,NM,Standard,2023-08-11
2428,West,NV,Standard,2023-08-07
2429,Southeast,TN,Standard,2024-09-11
2430,West,CO,Standard,2023-05-06
2431,Southeast,FL,Standard,2022-05-15
2432,West,OR,Premium,2023-02-07
2433,Northeast,PA,Standard,2022-05-19
2434,Southeast,GA,Standard,2024-02-05
2435,Southwest,TX,Standard,2023-05-06
2436,Northeast,CT,Standard,2022-12-03
2437,Northeast,NJ,Premium,2024-08-17
2438,Northeast,PA,Premium,2023-01-26
2439,West,CO,Standard,2023-07-10
2440,Southwest,NM,Standard,2024-04-18
2441,West,NV,VIP,2022-12-15
2442,Northeast,CT,Premium,2022-09-04
2443,Northeast,NY,VIP,2023-12-07
2444,Southeast,VA,Standard,2023-04-03
2445,West,CA,VIP,2024-07-09
2446,Southwest,OK,Premium,2023-03-19
2447,Southeast,TN,VIP,2023-05-27
2448,Midwest,IL,Standard,2022-01-20
2449,Midwest,WI,Standard,2022-10-18
2450,Midwest,MI,Standard,2022-03-12
2451,Northeast,MA,Standard,2024-08-22
2452,Southeast,VA,Standard,2023-01-19
2453,Southwest,TX,Premium,2023-10-22
2454,Midwest,IL,VIP,2023-01-25
2455,Southeast,NC,Premium,2023-11-06
2456,Midwest,MI,Standard,2024-12-06
2457,West,WA,Standard,2024-06-05
2458,Southwest,OK,Premium,2023-08-04
2459,Northeast,CT,Standard,2023-11-24
2460,West,WA,Standard,2023-01-12
2461,Southwest,NM,Premium,2024-04-14
2462,Northeast,PA,Standard,2024-08-21
2463,Southeast,NC,Standard,2023-01-16
2464,West,CA,Standard,2024-02-12
2465,Midwest,MI,Standard,2024-07-24
2466,Southwest,NM,Standard,2023-08-22
2467,Southwest,OK,Standard,2023-07-08
2468,Midwest,MN,Premium,2023-09-29
2469,West,WA,Standard,2024-08-14
2470,Northeast,MA,Standard,2023-12-18
2471,West,NV,Standard,2022-01-13
2472,Southeast,FL,Standard,2022-02-21
2473,West,OR,Standard,2023-01-07
2474,Northeast,CT,Premium,2022-04-14
2475,Southwest,NM,Standard,2022-01-11
2476,Midwest,MI,Standard,2022-11-18
2477,Midwest,IL,Standard,2022-01-14
2478,Northeast,NY,Standard,2022-08-06
2479,Midwest,IL,Premium,2022-02-27
2480,Northeast,CT,Premium,2023-12-04
2481,Southwest,AZ,Standard,2023-07-21
2482,West,WA,Standard,2023-03-16
2483,West,NV,VIP,2023-11-14
2484,Midwest,WI,Premium,2024-06-20
2485,Northeast,NY,Standard,2024-12-30
2486,Southeast,TN,Standard,2022-06-30
2487,Northeast,MA,Premium,2022-03-18
2488,West,NV,Standard,2024-11-28
2489,Southwest,TX,Standard,2024-05-17
2490,West,OR,Standard,2022-03-21
2491,Southwest,NM,Premium,2023-12-28
2492,Southeast,GA,Standard,2023-05-06
2493,Midwest,OH,Premium,2024-11-11
2494,West,CO,Standard,2024-07-03
2495,Southeast,TN,Standard,2024-08-25
2496,Northeast,PA,Premium,2024-12-07
2497,West,CA,Standard,2024-01-25
2498,Southwest,OK,Standard,2024-05-30
2499,West,CA,Standard,2023-04-19
2500,Midwest,WI,Standard,2022-02-17
2501,Southeast,VA,Standard,2023-05-24
2502,Midwest,OH,Standard,2023-05-24
2503,Midwest,MI,Premium,2023-09-02
2504,West,NV,VIP,2022-07-16
2505,Northeast,NY,Standard,2022-06-25
2506,Midwest,MN,Standard,2022-11-30
2507,West,NV,Standard,2023-05-30
2508,Southwest,TX,Standard,2022-10-06
2509,Midwest,MI,Standard,2023-02-02
2510,Midwest,WI,Standard,2024-12-18
2511,West,WA,VIP,2023-02-02
2512,West,CA,Standard,2023-11-26
2513,Southwest,NM,Standard,2022-03-17
2514,Northeast,NJ,Standard,2023-01-01
2515,Northeast,MA,Standard,2024-11-11
2516,Northeast,PA,Standard,2022-12-06
2517,West,NV,Premium,2022-04-28
2518,Midwest,MN,Premium,2024-08-23
2519,West,CA,Standard,2023-08-08
2520,Southeast,VA,Standard,2023-04-26
2521,West,CA,Premium,2023-03-17
2522,Northeast,MA,Standard,2024-01-23
2523,Southeast,GA,Premium,2024-03-24
2524,Northeast,MA,VIP,2023-03-20
2525,Southeast,NC,Standard,2024-10-30
2526,West,OR,Standard,2023-01-25
2527,West,WA,Standard,2022-09-04
2528,Southwest,AZ,Standard,2023-02-16
2529,Midwest,OH,Standard,2023-03-13
2530,Northeast,CT,Standard,2023-06-21
2531,Southeast,GA,Standard,2022-09-25
2532,Northeast,NY,Standard,2023-03-19
2533,Midwest,MI,VIP,2024-07-30
2534,Southwest,AZ,Standard,2024-10-05
2535,Midwest,MI,Standard,2024-03-23
2536,Southeast,NC,Premium,2023-04-13
2537,Southeast,VA,Standard,2022-06-23
2538,Southwest,NM,Standard,2024-09-27
2539,Southeast,TN,VIP,2022-01-21
2540,Midwest,OH,Premium,2022-07-31
2541,Southwest,AZ,Standard,2023-02-17
2542,Southwest,OK,Premium,2024-12-16
2543,Southeast,TN,Standard,2022-06-27
2544,Southeast,GA,Standard,2024-10-06
2545,Southeast,TN,Standard,2023-12-04
2546,West,NV,Standard,2024-08-11
2547,Southeast,FL,Premium,2022-02-22
2548,Northeast,NJ,Standard,2023-09-25
2549,Midwest,MI,Standard,2022-06-25
2550,Southeast,GA,VIP,2022-03-17
2551,Midwest,OH,Standard,2024-03-01
2552,Northeast,NJ,Standard,2024-11-19
2553,Midwest,MI,Standard,2022-10-28
2554,Northeast,PA,Standard,2024-07-15
2555,Midwest,MI,Premium,2023-07-27
2556,Northeast,NY,Premium,2024-05-04
2557,Northeast,NJ,Standard,2024-09-25
2558,Midwest,WI,Standard,2023-01-21
2559,Midwest,OH,Standard,2023-12-11
2560,Midwest,OH,Standard,2023-07-01
2561,Northeast,NJ,Standard,2023-11-20
2562,West,NV,Standard,2024-02-21
2563,Southwest,AZ,Standard,2023-01-04
2564,Midwest,OH,Standard,2022-05-18
2565,Northeast,PA,Premium,2022-12-10
2566,West,OR,Standard,2024-01-22
2567,Northeast,PA,Standard,2022-01-11
2568,Northeast,NJ,Standard,2024-06-29
2569,Southwest,OK,Premium,2022-12-02
2570,Northeast,NJ,Standard,2022-04-27
2571,Midwest,WI,Standard,2024-12-14
2572,Southeast,FL,Standard,2023-12-02
2573,West,OR,Standard,2024-11-29
2574,West,WA,Standard,2024-06-17
2575,Northeast,CT,VIP,2022-07-17
2576,Southwest,NM,Standard,2022-07-22
2577,Southwest,NM,Standard,2023-08-12
2578,West,NV,Standard,2022-04-27
2579,West,CA,Standard,2024-10-23
2580,Midwest,WI,Standard,2023-12-10
2581,Northeast,NY,Standard,2022-10-04
2582,Midwest,OH,Standard,2023-06-19
2583,Southwest,OK,VIP,2023-12-08
2584,Southeast,VA,Standard,2024-04-29
2585,West,WA,Standard,2023-09-06
2586,West,WA,Standard,2022-01-18
2587,Southeast,GA,Standard,2024-05-01
2588,West,CO,Standard,2023-07-04
2589,Southeast,TN,Premium,2024-01-13
2590,Northeast,PA,VIP,2024-08-23
2591,Midwest,IL,Premium,2023-12-26
2592,Southeast,VA,Standard,2024-12-26
2593,Northeast,CT,Premium,2022-09-26
2594,Southwest,OK,VIP,2024-05-12
2595,Southeast,GA,Premium,2022-05-07
2596,Southeast,FL,Standard,2023-11-14
2597,Northeast,NJ,Standard,2024-12-01
2598,Northeast,CT,Standard,2023-09-06
2599,Southeast,TN,Premium,2023-07-26
2600,West,CO,VIP,2024-03-08
2601,Southwest,TX,Standard,2024-09-24
2602,Northeast,NJ,Standard,2024-02-19
2603,Midwest,OH,Standard,2023-06-28
2604,Southeast,NC,Premium,2023-08-31
2605,Midwest,OH,Standard,2024-11-22
2606,Northeast,PA,Standard,2024-09-02
2607,West,NV,Standard,2024-12-20
2608,West,WA,Premium,2022-04-20
2609,Southwest,TX,Standard,2024-08-02
2610,Southwest,TX,Standard,2022-06-12
2611,Midwest,IL,Standard,2024-11-21
2612,West,CO,Standard,2022-02-03
2613,Southeast,FL,Standard,2024-04-05
2614,Midwest,OH,VIP,2022-05-15
2615,Northeast,PA,Premium,2022-11-30
2616,Midwest,IL,Standard,2023-11-04
2617,Midwest,MI,Standard,2023-12-10
2618,Southwest,OK,Premium,2024-06-20
2619,Northeast,MA,Standard,2022-11-29
2620,Northeast,NY,Standard,2024-08-15
2621,Southwest,TX,Standard,2022-03-29
2622,West,NV,Standard,2022-10-05
2623,Southeast,GA,Standard,2023-04-27
2624,Midwest,OH,Standard,2023-01-23
2625,West,CO,Standard,2024-03-02
2626,West,CA,Standard,2023-10-06
2627,Midwest,OH,Standard,2023-06-23
2628,Midwest,MN,Standard,2022-07-14
2629,Southeast,GA,Standard,2024-12-04
2630,West,CA,Standard,2022-07-23
2631,Midwest,MN,Standard,2023-11-06
2632,Northeast,NJ,Standard,2023-04-26
2633,West,OR,Standard,2022-11-18
2634,Northeast,NY,Standard,2024-11-03
2635,Midwest,WI,Premium,2022-06-11
2636,Southwest,TX,Standard,2022-08-26
2637,Southeast,VA,Standard,2024-09-28
2638,Southwest,NM,Premium,2022-02-05
2639,Southwest,OK,Standard,2024-04-15
2640,Southwest,TX,VIP,2022-12-31
2641,Midwest,MI,Standard,2023-09-06
2642,Midwest,OH,Standard,2022-02-01
2643,West,WA,Standard,2024-02-09
2644,Southeast,VA,Standard,2024-01-07
2645,Northeast,NY,VIP,2023-11-06
2646,West,WA,Standard,2024-09-05
2647,Southeast,TN,Standard,2024-10-06
2648,Northeast,PA,Standard,2023-11-14
2649,Midwest,MN,Standard,2024-04-09
2650,West,NV,Standard,2024-09-16
2651,Southeast,VA,Standard,2023-05-06
2652,Southwest,AZ,Premium,2023-08-11
2653,Southwest,NM,Standard,2022-09-09
2654,Northeast,CT,Standard,2024-08-18
2655,Southwest,NM,Premium,2024-10-22
2656,West,CO,VIP,2022-10-28
2657,Northeast,PA,Standard,2022-10-11
2658,West,CA,Standard,2024-02-27
2659,Southwest,AZ,Standard,2024-02-24
2660,Southeast,NC,Standard,2023-12-14
2661,Southeast,VA,Standard,2024-12-07
2662,West,WA,Standard,2022-11-28
2663,Southeast,GA,VIP,2023-11-08
2664,West,CA,Standard,2023-06-13
2665,Southeast,FL,Standard,2023-11-25
2666,Midwest,MN,Standard,2024-02-11
2667,Midwest,OH,Standard,2022-04-23
2668,Midwest,MN,Premium,2022-01-23
2669,Southeast,NC,Standard,2024-06-18
2670,Midwest,IL,Standard,2024-12-23
2671,Southeast,FL,Standard,2022-05-16
2672,Midwest,IL,Standard,2023-12-12
2673,Midwest,OH,Standard,2024-09-28
2674,West,NV,Standard,2024-05-03
2675,West,OR,Premium,2024-07-14
2676,Midwest,MN,Standard,2022-02-28
2677,West,NV,Standard,2023-02-06
2678,Midwest,IL,Premium,2023-08-30
2679,Midwest,WI,Standard,2023-07-23
2680,Northeast,NY,Standard,2023-01-13
2681,Midwest,IL,Standard,2022-06-03
2682,Midwest,MI,Standard,2024-04-15
2683,Midwest,OH,Standard,2023-05-31
2684,Southeast,VA,Standard,2022-04-16
2685,Northeast,NY,Standard,2023-11-22
2686,Southeast,VA,Standard,2022-04-04
2687,Midwest,WI,Premium,2024-04-15
2688,Northeast,PA,Premium,2023-10-17
2689,Northeast,PA,Standard,2022-06-24
2690,Northeast,PA,Standard,2024-03-08
2691,Midwest,WI,VIP,2022-12-29
2692,Northeast,MA,Premium,2024-12-05
2693,Southwest,TX,Standard,2023-08-17
2694,Northeast,MA,Premium,2024-11-22
2695,Southeast,TN,Standard,2024-02-13
2696,West,NV,Standard,2023-02-20
2697,Southeast,NC,Standard,2023-05-10
2698,West,CO,Premium,2022-12-31
2699,West,OR,Standard,2022-10-27
2700,Midwest,MI,Standard,2022-10-20
2701,West,CO,Premium,2022-04-19
2702,West,WA,Standard,2022-10-04
2703,Northeast,MA,VIP,2023-12-31
2704,Southeast,NC,Standard,2022-10-24
2705,Southeast,FL,Premium,2024-10-11
2706,Northeast,NJ,Standard,2023-03-12
2707,Southeast,VA,Standard,2024-05-03
2708,Southwest,TX,VIP,2023-06-10
2709,Southwest,AZ,Standard,2024-05-26
2710,Midwest,OH,Standard,2024-10-10
2711,West,NV,VIP,2024-02-20
2712,Northeast,NJ,Standard,2022-06-07
2713,Midwest,MI,Standard,2024-01-12
2714,Midwest,MI,Premium,2023-08-19
2715,Northeast,PA,Premium,2022-05-21
2716,West,WA,Premium,2022-01-04
2717,Northeast,CT,Standard,2024-12-05
2718,Southeast,TN,Standard,2023-03-03
2719,West,WA,Standard,2022-03-29
2720,West,NV,Standard,2022-10-05
2721,West,CA,Premium,2024-12-02
2722,Northeast,NY,Standard,2023-06-23
2723,West,CO,Standard,2022-04-08
2724,Southwest,NM,Standard,2024-10-01
2725,West,CO,Standard,2024-07-29
2726,Northeast,NY,Standard,2024-02-11
2727,West,WA,Premium,2022-09-06
2728,Northeast,MA,Standard,2022-08-09
2729,Southeast,FL,Standard,2022-03-21
2730,West,WA,Premium,2022-06-21
2731,Southwest,AZ,Premium,2024-11-14
2732,West,CA,Standard,2023-05-06
2733,Southeast,VA,Standard,2023-10-26
2734,Southeast,FL,Standard,2022-07-20
2735,Northeast,PA,Standard,2022-07-15
2736,Midwest,OH,Premium,2022-02-24
2737,West,WA,Standard,2024-08-01
2738,West,OR,Premium,2022-06-06
2739,Southeast,VA,Premium,2024-08-28
2740,Midwest,OH,Standard,2024-11-05
2741,West,OR,Standard,2023-12-11
2742,Midwest,IL,VIP,2023-10-29
2743,Southeast,FL,VIP,2022-06-17
2744,Southeast,NC,Standard,2022-06-18
2745,West,CO,VIP,2022-03-21
2746,Southeast,VA,Premium,2024-02-04
2747,Northeast,NJ,Standard,2022-07-25
2748,Midwest,WI,Premium,2022-08-13
2749,Southeast,TN,Standard,2024-07-07
2750,Northeast,CT,Standard,2024-08-31
2751,West,OR,VIP,2023-12-24
2752,Southwest,NM,Standard,2023-05-15
2753,Southeast,GA,Premium,2024-07-23
2754,West,OR,Standard,2023-11-03
2755,West,CA,Standard,2023-10-20
2756,Southeast,FL,Standard,2022-11-14
2757,Southeast,TN,Standard,2022-07-04
2758,Midwest,MN,Standard,2024-12-02
2759,West,OR,Standard,2023-04-10
2760,Southeast,NC,Standard,2023-09-19
2761,West,CA,Standard,2024-02-21
2762,Midwest,IL,Standard,2023-07-01
2763,West,CA,Standard,2024-01-31
2764,Southwest,NM,Standard,2023-10-27
2765,Northeast,MA,Premium,2023-08-08
2766,Northeast,PA,Standard,2022-09-15
2767,Northeast,PA,Standard,2023-08-02
2768,Midwest,MI,Premium,2022-08-24
2769,Northeast,NY,Standard,2024-05-21
2770,Midwest,IL,Premium,2023-12-02
2771,Northeast,NY,Standard,2022-12-25
2772,Midwest,IL,Standard,2023-11-11
2773,Midwest,WI,Standard,2024-10-27
2774,Midwest,MI,Premium,2023-04-19
2775,Southeast,GA,Premium,2023-05-03
2776,Southwest,AZ,Standard,2024-03-30
2777,Southwest,NM,Standard,2022-11-28
2778,West,NV,Standard,2022-04-09
2779,Midwest,MN,Premium,2024-06-22
2780,Northeast,NY,Premium,2024-09-18
2781,Southeast,TN,Premium,2022-11-21
2782,Northeast,NJ,Standard,2022-05-20
2783,Southwest,OK,Standard,2022-04-25
2784,West,CO,Standard,2023-01-02
2785,Northeast,MA,VIP,2023-07-25
2786,West,CO,Premium,2023-04-21
2787,West,WA,Standard,2023-05-19
2788,Northeast,NJ,Premium,2024-09-13
2789,West,CO,Standard,2024-06-20
2790,Southeast,FL,Standard,2024-01-13
2791,Midwest,WI,Standard,2024-09-07
2792,West,CO,Standard,2023-03-25
2793,Southeast,TN,Premium,2023-08-23
2794,Midwest,OH,Standard,2023-09-10
2795,Northeast,NY,Standard,2024-09-24
2796,Southeast,GA,Standard,2024-11-20
2797,Northeast,CT,Premium,2022-10-08
2798,West,NV,Standard,2023-07-14
2799,West,CO,Premium,2024-10-18
2800,Midwest,OH,Standard,2024-09-15
2801,West,WA,Standard,2024-02-22
2802,Northeast,NJ,Standard,2023-08-31
2803,Southwest,TX,Standard,2024-01-18
2804,West,CA,Standard,2024-04-06
2805,Southwest,NM,Standard,2023-04-05
2806,Midwest,IL,VIP,2022-08-23
2807,Northeast,NY,Standard,2023-05-18
2808,West,OR,VIP,2024-06-24
2809,West,CO,Standard,2024-10-20
2810,Midwest,OH,Standard,2024-03-11
2811,West,WA,Standard,2024-08-23
2812,Midwest,MN,Standard,2023-12-15
2813,Southeast,FL,Standard,2023-05-21
2814,Southeast,TN,Standard,2022-09-01
2815,Southwest,OK,Premium,2023-11-04
2816,Northeast,NY,Standard,2023-01-22
2817,Northeast,NY,Standard,2022-11-23
2818,Midwest,IL,Premium,2022-12-04
2819,West,CO,Standard,2024-11-11
2820,Northeast,CT,Premium,2024-11-25
2821,Midwest,WI,Standard,2022-05-26
2822,Northeast,PA,Standard,2024-12-11
2823,Northeast,CT,Premium,2022-12-24
2824,Southwest,OK,Standard,2023-08-31
2825,Southeast,GA,Premium,2024-11-30
2826,Northeast,NY,Standard,2022-01-13
2827,Southeast,GA,Standard,2023-07-12
2828,West,OR,Premium,2022-07-01
2829,Southwest,TX,Standard,2023-11-26
2830,Southeast,TN,Standard,2022-06-09
2831,West,CA,Standard,2024-04-29
2832,Midwest,MI,Standard,2023-03-08
2833,Midwest,IL,Standard,2023-07-31
2834,Midwest,MI,Standard,2024-06-29
2835,Northeast,CT,Standard,2023-04-12
2836,Midwest,OH,Premium,2022-11-08
2837,Southwest,AZ,Standard,2024-04-01
2838,Southeast,FL,Standard,2024-10-20
2839,West,NV,Standard,2022-10-13
2840,Southwest,TX,Standard,2023-06-13
2841,Midwest,IL,Standard,2024-04-24
2842,Northeast,PA,Standard,2022-01-07
2843,Southeast,VA,Premium,2022-08-10
2844,West,NV,Premium,2024-02-13
2845,Southwest,AZ,Standard,2022-09-12
2846,West,WA,Standard,2024-05-11
2847,Southeast,TN,Premium,2024-01-06
2848,Northeast,MA,Standard,2023-01-17
2849,Southwest,TX,Standard,2023-03-26
2850,Midwest,MI,VIP,2024-12-16
2851,Northeast,NJ,Standard,2022-11-26
2852,Midwest,WI,Standard,2024-04-09
2853,Northeast,CT,Premium,2023-09-25
2854,West,NV,Premium,2024-03-01
2855,Southwest,OK,Standard,2024-11-11
2856,Northeast,MA,Standard,2022-01-29
2857,West,CA,Standard,2024-11-27
2858,Northeast,PA,VIP,2023-08-25
2859,West,CA,Standard,2024-09-01
2860,Southwest,OK,Standard,2023-03-16
2861,West,CA,Standard,2022-05-22
2862,West,WA,Standard,2024-12-08
2863,Southwest,TX,Standard,2023-11-17
2864,West,NV,Standard,2024-02-16
2865,Northeast,PA,Standard,2024-11-05
2866,Southeast,FL,Standard,2023-04-19
2867,West,WA,Standard,2024-04-05
2868,Midwest,OH,Standard,2023-11-13
2869,Midwest,WI,Premium,2024-03-20
2870,Southeast,TN,Standard,2022-04-20
2871,West,OR,Standard,2023-09-01
2872,Southeast,VA,Standard,2024-01-31
2873,Northeast,NJ,Standard,2024-03-12
2874,Southeast,TN,Standard,2024-07-02
2875,Southeast,VA,Standard,2022-03-14
2876,Northeast,PA,VIP,2024-05-26
2877,Southwest,AZ,Premium,2023-12-20
2878,Midwest,MN,Standard,2023-12-11
2879,West,NV,Standard,2022-01-07
2880,Southwest,OK,Standard,2022-10-06
2881,Midwest,WI,Standard,2023-06-27
2882,Midwest,OH,Standard,2022-12-22
2883,Northeast,CT,Standard,2022-04-27
2884,West,CA,Standard,2024-08-13
2885,West,OR,Standard,2024-04-28
2886,Midwest,OH,Premium,2022-08-05
2887,Northeast,CT,Standard,2023-12-26
2888,Southeast,GA,Premium,2024-11-05
2889,West,OR,VIP,2022-09-01
2890,West,CO,Standard,2023-08-22
2891,Northeast,NY,Premium,2024-07-29
2892,Southeast,GA,Standard,2024-06-28
2893,Southwest,TX,Standard,2023-06-16
2894,Southeast,GA,Premium,2022-04-12
2895,Southwest,AZ,Standard,2024-11-02
2896,Southeast,VA,Premium,2023-05-06
2897,West,CO,Standard,2024-02-11
2898,Southeast,FL,Standard,2022-11-25
2899,Southeast,VA,Standard,2023-09-18
2900,Southeast,TN,Standard,2024-01-25
2901,Northeast,NY,Premium,2023-01-29
2902,West,NV,Standard,2023-09-10
2903,Midwest,WI,Standard,2023-07-09
2904,Southeast,NC,VIP,2023-12-04
2905,West,OR,VIP,2022-04-11
2906,Southeast,GA,Standard,2023-05-26
2907,West,CO,Standard,2024-09-03
2908,Northeast,MA,Standard,2023-12-31
2909,Northeast,PA,Standard,2023-09-13
2910,Northeast,NY,Standard,2024-02-13
2911,Midwest,IL,Standard,2023-04-01
2912,Southwest,AZ,Standard,2022-10-20
2913,Southwest,OK,VIP,2024-04-28
2914,Midwest,WI,Standard,2022-05-14
2915,West,CA,Standard,2023-06-21
2916,Southwest,OK,Standard,2022-01-26
2917,Northeast,NY,Premium,2022-05-25
2918,Midwest,WI,Standard,2022-10-04
2919,Southeast,FL,Premium,2022-04-08
2920,West,NV,Standard,2022-08-31
2921,Northeast,MA,Standard,2022-10-21
2922,West,OR,VIP,2023-05-01
2923,West,WA,Standard,2022-10-27
2924,Northeast,PA,Standard,2022-06-20
2925,Midwest,IL,Standard,2023-04-27
2926,Midwest,MI,Standard,2023-05-09
2927,Southwest,TX,Premium,2024-03-15
2928,Midwest,MI,Standard,2024-11-14
2929,Midwest,MN,Premium,2024-12-19
2930,Southeast,VA,Standard,2023-01-22
2931,West,OR,Standard,2024-05-14
2932,Midwest,OH,Premium,2023-07-23
2933,Midwest,IL,Standard,2023-04-20
2934,Midwest,MN,Premium,2023-03-18
2935,West,NV,Standard,2024-03-27
2936,Northeast,PA,Standard,2022-02-08
2937,West,NV,Premium,2023-03-14
2938,Midwest,IL,Premium,2022-11-12
2939,Southeast,VA,Standard,2022-10-08
2940,Southwest,OK,VIP,2024-04-19
2941,West,CA,Standard,2022-04-03
2942,Southwest,TX,Standard,2023-01-15
2943,West,CA,Standard,2023-10-30
2944,Southeast,GA,Standard,2023-11-12
2945,Northeast,CT,Standard,2024-11-16
2946,Northeast,NJ,Standard,2023-06-30
2947,Southeast,FL,Standard,2023-06-16
2948,Northeast,NY,Premium,2024-10-30
2949,Southwest,AZ,Standard,2023-02-12
2950,Southeast,TN,Standard,2022-12-23
2951,Northeast,NJ,Premium,2023-10-02
2952,Southwest,OK,Standard,2023-08-10
2953,West,CA,Premium,2024-07-02
2954,Southeast,VA,Standard,2022-05-21
2955,Southeast,VA,Premium,2024-05-08
2956,Southeast,GA,Standard,2023-03-03
2957,Midwest,OH,Premium,2024-09-29
2958,Southwest,TX,Standard,2024-09-25
2959,West,CO,Premium,2023-12-25
2960,Northeast,CT,Standard,2023-04-19
2961,Southwest,OK,VIP,2022-11-10
2962,Midwest,OH,Premium,2024-09-29
2963,Southeast,GA,Premium,2024-10-29
2964,Southeast,GA,Standard,2023-12-22
2965,West,NV,Standard,2023-07-13
2966,Midwest,MI,Standard,2024-01-05
2967,Northeast,CT,Standard,2023-01-11
2968,Southwest,TX,Premium,2023-06-04
2969,Southeast,FL,VIP,2024-12-12
2970,Midwest,MN,Standard,2023-02-17
2971,West,NV,Standard,2024-06-18
2972,Midwest,MI,Standard,2024-03-06
2973,West,OR,Standard,2023-11-29
2974,West,NV,Standard,2023-09-09
2975,Northeast,PA,Standard,2022-11-05
2976,Midwest,MI,Premium,2022-03-17
2977,Northeast,NJ,Premium,2023-11-25
2978,Southeast,GA,VIP,2023-01-10
2979,Midwest,MI,Standard,2022-12-15
2980,Midwest,MI,Premium,2022-10-06
2981,Southeast,FL,Standard,2023-12-29
2982,Northeast,NJ,Standard,2022-02-12
2983,Southwest,NM,Standard,2022-02-25
2984,West,CO,Premium,2022-03-16
2985,Northeast,CT,Standard,2024-11-07
2986,West,WA,Premium,2023-12-29
2987,Northeast,PA,VIP,2023-10-23
2988,Midwest,MN,Standard,2022-01-21
2989,Southwest,NM,Standard,2022-05-06
2990,West,OR,Standard,2024-01-25
2991,West,CA,Standard,2023-09-12
2992,Southeast,NC,Standard,2024-03-24
2993,West,WA,Standard,2023-02-24
2994,West,CO,Standard,2022-05-07
2995,Midwest,IL,Standard,2024-08-02
2996,Southeast,FL,VIP,2023-03-19
2997,Southwest,OK,Standard,2022-05-02
2998,West,WA,Premium,2023-04-15
2999,Southwest,AZ,Premium,2024-10-23
3000,Northeast,NY,Standard,2024-10-06
3001,West,WA,Premium,2023-04-20
3002,West,CA,Standard,2024-08-24
3003,Southwest,AZ,Standard,2023-04-11
3004,Southwest,AZ,Standard,2024-03-04
3005,Southeast,TN,Standard,2024-06-14
3006,West,WA,Standard,2022-07-05
3007,Southwest,TX,Standard,2023-11-26
3008,Northeast,MA,Standard,2022-12-20
3009,Midwest,IL,VIP,2023-04-10
3010,West,OR,Premium,2023-10-09
3011,Northeast,NY,Standard,2023-03-13
3012,Northeast,NJ,Standard,2024-06-19
3013,Southwest,TX,Standard,2024-10-10
3014,Southeast,GA,Standard,2022-10-19
3015,Southwest,TX,VIP,2023-08-04
3016,West,CA,Standard,2024-01-20
3017,Southeast,VA,Standard,2024-06-03
3018,Northeast,NY,Premium,2023-07-11
3019,Midwest,OH,Standard,2024-09-13
3020,Northeast,PA,Standard,2024-11-16
3021,Southwest,OK,Premium,2024-09-08
3022,Southeast,NC,Standard,2024-06-23
3023,Southeast,FL,Standard,2024-12-15
3024,Northeast,NJ,Standard,2023-05-30
3025,Midwest,IL,Standard,2022-03-30
3026,Southwest,TX,Standard,2024-10-16
3027,Southwest,TX,Standard,2022-08-21
3028,West,WA,Premium,2022-06-19
3029,West,CO,Premium,2022-07-20
3030,Midwest,WI,Standard,2024-06-26
3031,Midwest,WI,Standard,2022-03-19
3032,Midwest,WI,Standard,2023-01-12
3033,Southeast,TN,VIP,2024-03-02
3034,Southwest,TX,Standard,2024-05-11
3035,Midwest,WI,VIP,2023-06-21
3036,Northeast,CT,Standard,2024-08-26
3037,Southwest,OK,Premium,2023-01-25
3038,Northeast,NY,Standard,2023-07-05
3039,Southwest,NM,Standard,2024-07-25
3040,Southeast,VA,Standard,2023-02-19
3041,West,NV,Premium,2024-07-24
3042,Southwest,TX,Standard,2024-05-30
3043,Southwest,AZ,Premium,2022-05-02
3044,West,CA,Standard,2022-04-15
3045,Northeast,CT,Standard,2023-03-07
3046,West,CO,Standard,2023-08-22
3047,Southwest,NM,Premium,2022-05-14
3048,West,CO,Standard,2023-04-10
3049,Midwest,MI,Standard,2024-08-05
3050,Midwest,IL,Premium,2024-01-14
3051,Midwest,MN,Premium,2024-06-18
3052,Northeast,CT,Standard,2022-10-05
3053,West,CO,Standard,2023-01-12
3054,Midwest,MN,Premium,2023-07-24
3055,Southwest,NM,Standard,2024-05-05
3056,Northeast,NY,VIP,2023-09-19
3057,Southeast,NC,Standard,2022-10-02
3058,West,NV,Standard,2023-12-28
3059,Southeast,TN,Premium,2024-01-14
3060,Midwest,MN,Standard,2023-06-10
3061,West,CO,Standard,2022-06-15
3062,Southwest,AZ,Standard,2023-02-26
3063,West,OR,Standard,2024-02-10
3064,West,CA,Standard,2022-07-02
3065,Northeast,CT,Premium,2024-07-25
3066,West,CA,Standard,2022-08-27
3067,West,WA,Standard,2022-11-18
3068,West,CA,Standard,2022-02-24
3069,Northeast,CT,Standard,2022-10-31
3070,Midwest,WI,Standard,2024-10-14
3071,West,OR,Standard,2022-01-25
3072,West,CA,Standard,2023-06-12
3073,Southeast,NC,Premium,2022-01-27
3074,Southeast,GA,Standard,2022-01-19
3075,West,WA,Standard,2023-07-03
3076,West,NV,Premium,2023-10-29
3077,West,WA,Standard,2024-06-10
3078,Southeast,TN,Premium,2024-09-27
3079,Northeast,NJ,Standard,2023-09-21
3080,West,OR,Standard,2022-02-01
3081,West,OR,Standard,2024-09-18
3082,Northeast,PA,Standard,2023-08-08
3083,Northeast,MA,Premium,2022-08-06
3084,Southwest,TX,VIP,2023-05-23
3085,Northeast,NY,Standard,2023-05-05
3086,Southwest,TX,Standard,2024-04-25
3087,West,CA,Standard,2022-07-04
3088,Northeast,PA,VIP,2023-08-28
3089,Midwest,OH,Standard,2022-06-12
3090,Southwest,OK,Standard,2022-03-18
3091,Southeast,GA,Premium,2022-05-09
3092,Southwest,OK,Standard,2022-10-22
3093,Southwest,AZ,Standard,2022-10-04
3094,Southeast,GA,Premium,2024-04-13
3095,Northeast,NJ,Standard,2023-03-26
3096,Northeast,PA,Standard,2022-04-24
3097,Southwest,OK,Standard,2024-02-05
3098,West,OR,Premium,2023-11-14
3099,Southwest,OK,VIP,2023-05-18
3100,Southwest,TX,Standard,2024-12-14
3101,West,CA,Standard,2024-09-04
3102,Northeast,NY,Standard,2024-07-28
3103,Southwest,TX,Standard,2024-10-21
3104,West,WA,Standard,2024-01-31
3105,Northeast,CT,Premium,2023-12-02
3106,Midwest,MI,Standard,2022-02-27
3107,Northeast,NY,Standard,2024-05-24
3108,West,WA,Standard,2024-12-16
3109,Southeast,TN,Standard,2022-06-25
3110,Southeast,TN,Standard,2024-02-22
3111,Southwest,TX,Standard,2024-03-12
3112,Southwest,OK,Standard,2023-12-04
3113,West,CA,Standard,2024-03-13
3114,Midwest,IL,Premium,2022-09-04
3115,Midwest,OH,VIP,2024-05-04
3116,Southeast,TN,VIP,2022-05-06
3117,Southwest,TX,Premium,2024-02-09
3118,West,CO,Standard,2022-09-21
3119,Midwest,IL,Standard,2024-04-08
3120,Southeast,VA,Standard,2023-04-23
3121,West,NV,Premium,2022-05-24
3122,Southeast,GA,Premium,2023-05-21
3123,West,WA,Standard,2022-04-20
3124,Midwest,IL,Premium,2022-10-13
3125,Northeast,MA,Standard,2024-08-28
3126,Southwest,OK,Standard,2023-11-17
3127,Northeast,NY,VIP,2022-11-12
3128,West,NV,Premium,2023-09-10
3129,Northeast,NJ,Premium,2022-10-26
3130,Southwest,TX,Standard,2024-06-04
3131,West,OR,Standard,2022-01-23
3132,Southwest,AZ,Premium,2023-05-13
3133,Midwest,OH,Standard,2024-06-23
3134,West,CA,Premium,2022-10-29
3135,Northeast,NJ,Standard,2022-08-26
3136,Northeast,PA,Premium,2024-11-15
3137,West,CA,Standard,2023-03-12
3138,Southwest,NM,Standard,2022-03-12
3139,West,NV,Standard,2022-03-15
3140,West,CO,Premium,2024-01-28
3141,Southwest,TX,Standard,2023-04-03
3142,Southwest,NM,VIP,2024-03-10
3143,Southeast,VA,Premium,2024-03-01
3144,West,WA,Standard,2022-05-06
3145,Northeast,NJ,Standard,2024-03-15
3146,Southwest,TX,Standard,2024-12-08
3147,Southeast,GA,Standard,2022-12-21
3148,West,WA,Standard,2023-09-12
3149,Northeast,CT,Standard,2022-07-23
3150,West,WA,Premium,2024-09-01
3151,West,CO,Standard,2022-09-20
3152,West,CO,Standard,2022-07-09
3153,Northeast,NJ,Standard,2022-06-21
3154,Southwest,NM,Standard,2024-01-31
3155,West,CO,Standard,2022-04-07
3156,Southwest,NM,Premium,2024-11-25
3157,West,CA,Standard,2023-08-24
3158,Midwest,WI,Standard,2022-10-10
3159,Southwest,TX,Standard,2024-08-14
3160,Southeast,NC,Standard,2024-07-31
3161,Midwest,MN,Standard,2024-06-03
3162,Southwest,NM,Standard,2023-08-06
3163,Northeast,CT,Standard,2024-11-25
3164,Southwest,TX,Premium,2024-11-02
3165,Northeast,CT,Premium,2024-02-14
3166,Southeast,GA,VIP,2022-12-14
3167,Southwest,NM,Standard,2024-02-28
3168,Northeast,NY,Standard,2024-09-17
3169,Midwest,MI,Standard,2024-10-12
3170,West,WA,Premium,2022-08-19
3171,Southwest,OK,Standard,2024-09-23
3172,West,WA,Standard,2024-06-02
3173,Southeast,NC,Standard,2022-01-29
3174,Southeast,NC,Standard,2024-11-14
3175,Northeast,NJ,Standard,2024-08-18
3176,Midwest,WI,Premium,2024-04-03
3177,Northeast,MA,Standard,2023-05-17
3178,West,OR,Standard,2024-03-11
3179,West,OR,Premium,2022-06-25
3180,Southeast,GA,Standard,2024-09-11
3181,Southwest,AZ,Standard,2024-06-06
3182,Midwest,OH,Standard,2023-09-22
3183,Northeast,PA,Standard,2023-12-10
3184,West,WA,Standard,2023-03-16
3185,Midwest,IL,VIP,2022-03-16
3186,Southeast,NC,Standard,2024-10-04
3187,Southwest,AZ,Standard,2022-01-27
3188,Southwest,AZ,Standard,2023-08-30
3189,Southeast,GA,Premium,2022-02-28
3190,Northeast,CT,Standard,2023-08-25
3191,Southeast,NC,Standard,2024-07-18
3192,Midwest,MI,Standard,2023-01-08
3193,West,WA,Standard,2023-03-22
3194,Southeast,FL,Standard,2023-04-18
3195,Southwest,AZ,Premium,2022-11-22
3196,Midwest,IL,VIP,2024-04-26
3197,West,CA,Standard,2023-01-14
3198,Southwest,AZ,Premium,2024-04-12
3199,Southeast,TN,Standard,2024-12-02
3200,Southeast,NC,Standard,2023-09-27
3201,Midwest,OH,Standard,2022-12-14
3202,Southeast,FL,Standard,2023-01-16
3203,Southwest,AZ,Premium,2023-11-05
3204,Northeast,MA,VIP,2024-01-04
3205,Northeast,NY,Standard,2022-06-21
3206,West,CA,Premium,2024-01-26
3207,Midwest,MI,Standard,2022-12-21
3208,Midwest,OH,Premium,2023-10-02
3209,Southeast,NC,Standard,2024-05-29
3210,Midwest,MN,Standard,2022-10-31
3211,Northeast,NY,Standard,2024-01-16
3212,Northeast,NY,Standard,2022-11-01
3213,West,OR,Standard,2023-04-24
3214,West,CA,Premium,2023-11-04
3215,Midwest,MN,Standard,2022-09-13
3216,West,CA,VIP,2024-07-21
3217,West,NV,Standard,2022-11-17
3218,Southwest,OK,Standard,2022-07-12
3219,Southwest,TX,Standard,2022-01-14
3220,West,WA,Premium,2024-04-30
3221,Southwest,NM,Standard,2024-12-21
3222,West,CA,Standard,2022-05-20
3223,Northeast,MA,Standard,2022-12-26
3224,Northeast,NY,Standard,2022-04-20
3225,Southeast,FL,Standard,2023-01-03
3226,Northeast,NY,Premium,2023-01-25
3227,Southeast,NC,Standard,2022-08-21
3228,Midwest,WI,Standard,2023-11-09
3229,Midwest,OH,VIP,2022-04-23
3230,Northeast,NY,Standard,2024-08-21
3231,Midwest,IL,Standard,2022-08-18
3232,West,CA,Standard,2022-08-21
3233,Southeast,FL,Standard,2022-12-11
3234,Midwest,WI,VIP,2023-11-24
3235,Southeast,NC,Standard,2024-04-30
3236,Southeast,FL,Standard,2024-05-16
3237,Southwest,AZ,VIP,2022-03-27
3238,West,CO,Standard,2022-03-27
3239,West,CA,Standard,2023-03-03
3240,Midwest,MI,Standard,2023-04-03
3241,Southeast,VA,Standard,2024-05-04
3242,Southeast,NC,Premium,2023-03-19
3243,Southwest,OK,Standard,2022-10-08
3244,West,CA,Standard,2023-04-17
3245,West,NV,VIP,2023-10-08
3246,Southeast,NC,Standard,2024-12-19
3247,West,CA,Standard,2024-01-04
3248,Northeast,MA,Premium,2024-07-27
3249,Southeast,TN,Standard,2022-07-26
3250,Northeast,MA,Standard,2024-11-27
3251,Northeast,NJ,Standard,2023-09-26
3252,Southwest,AZ,Standard,2023-11-03
3253,West,WA,Standard,2022-07-15
3254,Southwest,TX,Standard,2023-07-03
3255,West,NV,Standard,2022-12-21
3256,Southeast,FL,Premium,2022-03-15
3257,Southwest,NM,Premium,2022-03-12
3258,Northeast,PA,Premium,2022-10-04
3259,Southeast,VA,Standard,2023-06-14
3260,West,WA,Premium,2023-01-05
3261,Southwest,NM,Standard,2023-06-29
3262,Northeast,NY,Standard,2022-11-05
3263,West,NV,Premium,2024-11-07
3264,Midwest,IL,Premium,2022-03-11
3265,Southwest,TX,Standard,2022-01-17
3266,Southwest,TX,Standard,2023-06-21
3267,Midwest,IL,Standard,2024-06-21
3268,West,CA,Standard,2024-10-27
3269,Southwest,OK,Standard,2023-02-23
3270,Midwest,IL,Standard,2022-10-13
3271,Midwest,IL,Standard,2023-03-27
3272,Southeast,VA,Standard,2022-07-24
3273,Midwest,MI,VIP,2024-12-08
3274,Southwest,NM,Standard,2023-03-06
3275,Southeast,FL,Standard,2022-05-03
3276,Midwest,IL,Standard,2023-08-22
3277,Southwest,TX,Standard,2023-05-26
3278,Southwest,TX,Standard,2023-09-02
3279,Midwest,MI,Standard,2022-07-26
3280,Northeast,CT,Standard,2022-10-04
3281,West,CO,Standard,2022-07-18
3282,Southeast,GA,Standard,2023-07-14
3283,Northeast,NY,Standard,2023-07-11
3284,West,WA,Standard,2024-05-16
3285,Midwest,WI,Premium,2022-11-26
3286,Northeast,NY,Standard,2023-04-11
3287,Southeast,NC,Premium,2024-12-20
3288,Southwest,AZ,Standard,2023-10-14
3289,Southeast,VA,Premium,2023-05-13
3290,Northeast,CT,Standard,2022-12-28
3291,Southwest,OK,Standard,2023-04-17
3292,Northeast,MA,Standard,2023-02-25
3293,Northeast,NJ,Premium,2022-08-20
3294,Southeast,NC,Premium,2023-09-30
3295,Southeast,VA,Standard,2022-04-13
3296,Southwest,OK,VIP,2023-12-19
3297,Midwest,WI,Standard,2024-02-26
3298,Southeast,VA,Standard,2023-12-19
3299,Southeast,NC,VIP,2022-08-09
3300,West,OR,VIP,2022-06-22
3301,Midwest,MI,Standard,2023-05-28
3302,West,CO,Premium,2023-01-10
3303,Midwest,MI,Standard,2022-01-18
3304,Midwest,MN,Standard,2022-07-26
3305,Northeast,NY,Standard,2023-09-11
3306,Southeast,VA,Standard,2023-12-26
3307,Southwest,NM,Standard,2024-08-31
3308,Southwest,AZ,VIP,2022-08-27
3309,Southeast,TN,Premium,2022-12-02
3310,Midwest,WI,Premium,2023-04-03
3311,Midwest,MN,VIP,2022-11-28
3312,Southwest,TX,Standard,2024-08-23
3313,Midwest,OH,Standard,2023-03-27
3314,Southwest,NM,Standard,2024-05-03
3315,Southwest,TX,Premium,2022-05-24
3316,Southwest,NM,Premium,2022-05-01
3317,Northeast,CT,Standard,2022-02-08
3318,Midwest,MI,Standard,2022-06-25
3319,Northeast,NJ,Premium,2024-09-20
3320,Northeast,CT,Standard,2024-04-17
3321,West,OR,Standard,2023-06-21
3322,Southeast,GA,Standard,2023-06-27
3323,Southeast,VA,Standard,2023-05-28
3324,Midwest,WI,Standard,2024-06-17
3325,Midwest,IL,Standard,2024-10-21
3326,Southwest,NM,Standard,2022-02-08
3327,Southeast,FL,Premium,2024-12-16
3328,Midwest,IL,Standard,2022-06-20
3329,Southwest,OK,Standard,2023-09-11
3330,Southwest,OK,Standard,2022-09-21
3331,Southeast,FL,Standard,2022-03-28
3332,Southeast,GA,Standard,2022-03-12
3333,Midwest,WI,Standard,2022-07-10
3334,West,NV,Premium,2023-03-19
3335,Southwest,OK,Standard,2022-02-26
3336,Southeast,TN,Standard,2022-08-12
3337,Southwest,OK,Standard,2022-03-18
3338,Northeast,CT,Standard,2022-11-15
3339,Southeast,NC,VIP,2023-07-08
3340,Southeast,GA,Standard,2023-10-23
3341,Southwest,OK,Standard,2024-10-17
3342,Northeast,PA,Premium,2022-12-18
3343,Northeast,CT,Standard,2023-09-04
3344,Southeast,VA,Standard,2024-04-04
3345,Southeast,TN,Standard,2022-09-01
3346,Northeast,CT,Standard,2023-02-14
3347,West,OR,Standard,2024-01-18
3348,Midwest,MI,Standard,2024-12-17
3349,Midwest,IL,Premium,2023-11-05
3350,Northeast,NJ,Standard,2022-11-08
3351,Southwest,OK,Standard,2024-04-06
3352,Southwest,AZ,Premium,2024-03-24
3353,Midwest,MI,Standard,2022-12-26
3354,Northeast,MA,Standard,2022-04-12
3355,West,OR,Standard,2024-03-25
3356,Southwest,AZ,Premium,2023-11-03
3357,Northeast,NJ,Premium,2024-02-04
3358,West,OR,Standard,2022-08-31
3359,Southeast,NC,Standard,2023-09-05
3360,Southwest,TX,Standard,2023-05-28
3361,Southeast,TN,VIP,2024-03-30
3362,Southwest,AZ,Standard,2024-04-15
3363,Southeast,GA,Standard,2022-04-14
3364,Southeast,VA,Standard,2022-01-31
3365,Northeast,NJ,Premium,2024-03-06
3366,West,NV,Standard,2024-08-15
3367,Northeast,NY,Standard,2023-11-11
3368,Southeast,TN,Standard,2022-10-30
3369,West,CO,VIP,2022-11-24
3370,Southeast,FL,Standard,2022-07-15
3371,Southeast,NC,Standard,2022-08-06
3372,Southwest,AZ,Premium,2023-06-12
3373,Southwest,NM,Standard,2022-01-01
3374,Northeast,NY,Premium,2022-02-09
3375,West,OR,Standard,2023-07-25
3376,West,NV,Standard,2023-06-22
3377,Northeast,NY,Standard,2023-02-22
3378,Southeast,GA,Standard,2022-03-05
3379,Southwest,TX,Premium,2022-06-23
3380,Midwest,MN,Standard,2023-06-12
3381,Midwest,MN,Standard,2022-11-23
3382,Northeast,CT,VIP,2022-07-15
3383,West,CO,Standard,2023-07-16
3384,Northeast,NY,Standard,2024-07-24
3385,West,WA,Standard,2024-05-18
3386,Midwest,OH,Standard,2022-07-10
3387,Southeast,VA,Standard,2022-08-22
3388,Southwest,NM,Standard,2022-10-24
3389,West,OR,Standard,2022-06-13
3390,Midwest,IL,VIP,2022-06-18
3391,Midwest,WI,Standard,2022-09-04
3392,Southeast,VA,Standard,2023-01-15
3393,Southeast,NC,Standard,2023-12-17
3394,West,NV,VIP,2023-07-24
3395,Southeast,VA,Standard,2024-03-10
3396,Midwest,MI,Premium,2024-08-23
3397,Southeast,GA,VIP,2023-08-01
3398,Midwest,WI,Standard,2023-08-22
3399,Northeast,NJ,Standard,2024-08-06
3400,West,CA,Standard,2022-04-02
3401,Southeast,GA,VIP,2024-05-08
3402,Southwest,AZ,Standard,2024-02-23
3403,Midwest,MI,Standard,2023-06-25
3404,West,CO,Standard,2024-08-28
3405,Southeast,GA,Premium,2024-08-03
3406,Midwest,OH,Premium,2024-05-11
3407,West,CA,Standard,2022-11-17
3408,Southeast,FL,Premium,2023-07-02
3409,Southeast,NC,Standard,2024-10-28
3410,Southwest,TX,Standard,2023-04-12
3411,West,CO,Standard,2023-04-28
3412,Midwest,MI,Standard,2023-09-11
3413,West,CO,Standard,2023-12-22
3414,Southwest,NM,Standard,2022-03-13
3415,Midwest,WI,Premium,2024-05-22
3416,Southwest,OK,Standard,2022-12-06
3417,Midwest,WI,Standard,2022-07-27
3418,Midwest,MN,Standard,2023-05-01
3419,Northeast,NY,Premium,2023-01-10
3420,West,NV,Standard,2024-06-21
3421,Northeast,MA,Standard,2023-04-12
3422,Southwest,TX,Premium,2024-11-01
3423,Northeast,CT,Premium,2022-12-20
3424,West,CA,Standard,2022-02-27
3425,Southeast,GA,Standard,2022-03-13
3426,Midwest,IL,Standard,2023-01-25
3427,West,CA,Standard,2022-01-27
3428,West,OR,Premium,2022-05-03
3429,West,CA,VIP,2024-01-29
3430,West,NV,Standard,2023-09-19
3431,Midwest,MI,VIP,2023-02-08
3432,Northeast,MA,Premium,2024-06-16
3433,Midwest,IL,Standard,2023-11-29
3434,Southwest,TX,Standard,2022-12-18
3435,Southwest,NM,Standard,2023-03-30
3436,West,WA,Premium,2023-09-06
3437,Southwest,NM,Standard,2022-02-13
3438,Northeast,MA,Standard,2024-01-15
3439,Southeast,FL,Standard,2022-10-13
3440,Southwest,TX,Standard,2023-11-26
3441,West,OR,Standard,2024-11-10
3442,West,NV,Premium,2022-07-11
3443,West,WA,Standard,2022-06-14
3444,West,OR,Standard,2022-06-03
3445,Southeast,VA,Standard,2022-02-05
3446,West,CA,Standard,2022-07-01
3447,Northeast,NY,Standard,2023-10-21
3448,Midwest,MI,Standard,2023-07-09
3449,Southeast,FL,Premium,2024-10-31
3450,Northeast,CT,Standard,2024-06-13
3451,Southwest,AZ,Standard,2023-01-26
3452,Northeast,MA,Standard,2024-02-08
3453,Southeast,NC,Standard,2022-04-19
3454,Southwest,AZ,Standard,2022-07-30
3455,Southeast,TN,Premium,2024-06-05
3456,Northeast,MA,Standard,2022-03-01
3457,Southeast,NC,Standard,2023-04-15
3458,West,NV,Premium,2024-02-20
3459,Southwest,NM,Standard,2024-05-28
3460,West,CA,Standard,2023-07-30
3461,Northeast,NY,Standard,2023-07-26
3462,Southeast,VA,Standard,2024-01-20
3463,West,WA,Standard,2024-09-25
3464,Midwest,WI,Standard,2023-09-11
3465,Southwest,NM,Premium,2023-02-17
3466,Midwest,OH,Standard,2023-12-17
3467,West,NV,Premium,2022-09-16
3468,Midwest,MN,Standard,2023-02-23
3469,Northeast,NJ,Premium,2024-10-31
3470,Midwest,IL,VIP,2024-06-13
3471,Southeast,FL,Standard,2022-09-22
3472,Northeast,MA,Standard,2022-10-17
3473,Southwest,TX,Standard,2023-10-12
3474,Midwest,OH,Standard,2024-05-30
3475,Midwest,OH,Standard,2023-09-07
3476,Southwest,AZ,Standard,2024-07-01
3477,Southwest,TX,Standard,2024-03-14
3478,Southwest,NM,Standard,2024-11-18
3479,Northeast,NY,Standard,2022-07-24
3480,Midwest,MN,Standard,2023-04-07
3481,Southeast,NC,Standard,2023-02-05
3482,Southeast,TN,Standard,2024-07-19
3483,West,WA,Standard,2024-03-24
3484,Southeast,TN,Standard,2023-09-01
3485,West,WA,Standard,2023-08-17
3486,Northeast,PA,Standard,2024-07-25
3487,Southwest,TX,Premium,2023-11-23
3488,Northeast,MA,Standard,2022-12-10
3489,Southwest,AZ,Premium,2024-02-02
3490,Southeast,GA,Premium,2024-09-09
3491,Midwest,MI,Standard,2023-09-17
3492,Southeast,GA,Standard,2022-02-21
3493,Midwest,OH,Premium,2022-08-16
3494,Midwest,IL,Standard,2023-02-25
3495,Southwest,TX,Standard,2022-04-20
3496,Northeast,NY,Standard,2023-01-07
3497,Midwest,MN,Standard,2023-09-28
3498,Midwest,WI,Standard,2024-12-21
3499,Midwest,OH,Standard,2022-10-18
3500,Northeast,MA,Standard,2022-07-24
3501,Southwest,NM,Standard,2022-07-21
3502,Southeast,NC,Standard,2022-07-24
3503,Midwest,WI,Standard,2024-11-27
3504,Northeast,MA,Premium,2024-10-17
3505,Midwest,WI,Standard,2024-07-24
3506,Southwest,TX,Standard,2023-05-05
3507,West,NV,VIP,2024-08-20
3508,Southeast,NC,Premium,2023-05-02
3509,West,OR,Standard,2022-01-02
3510,Southeast,TN,Premium,2023-02-20
3511,West,WA,Standard,2023-07-20
3512,Northeast,NY,Premium,2023-11-06
3513,Southwest,OK,Standard,2023-05-24
3514,Northeast,CT,Standard,2023-05-19
3515,Northeast,NJ,Standard,2022-04-19
3516,Midwest,IL,Standard,2024-08-29
3517,Midwest,IL,Standard,2024-01-08
3518,West,WA,Standard,2022-02-25
3519,Midwest,IL,Standard,2024-06-30
3520,Midwest,MN,Standard,2023-07-13
3521,West,NV,Premium,2024-10-25
3522,West,CA,Standard,2023-01-26
3523,West,CA,Premium,2024-12-13
3524,West,NV,Standard,2022-08-05
3525,Midwest,OH,Standard,2023-05-05
3526,West,NV,Standard,2022-01-23
3527,Southwest,OK,Standard,2024-05-16
3528,Midwest,OH,Standard,2023-02-22
3529,Southeast,GA,Standard,2024-09-07
3530,Southwest,OK,Premium,2024-06-08
3531,Midwest,MN,Standard,2024-05-10
3532,Midwest,IL,Standard,2023-09-14
3533,West,WA,Premium,2024-10-26
3534,Southeast,GA,Standard,2024-03-13
3535,Midwest,WI,Standard,2024-08-13
3536,West,WA,Standard,2022-07-10
3537,Northeast,NY,VIP,2024-03-03
3538,Midwest,IL,Standard,2022-02-20
3539,Northeast,NJ,Standard,2023-05-31
3540,Southeast,FL,Standard,2024-04-20
3541,West,OR,Premium,2022-05-14
3542,Northeast,CT,Standard,2022-08-14
3543,Northeast,NY,Standard,2024-11-16
3544,West,OR,Standard,2022-11-09
3545,Southwest,NM,Standard,2024-08-10
3546,West,NV,Standard,2022-08-13
3547,Southwest,AZ,Standard,2024-10-20
3548,Southeast,TN,Standard,2022-08-10
3549,Southeast,GA,Standard,2024-04-22
3550,Southeast,GA,Premium,2024-09-26
3551,Southwest,OK,Premium,2023-11-17
3552,West,WA,Premium,2023-12-11
3553,Northeast,NJ,Premium,2022-07-08
3554,Midwest,MI,Standard,2024-12-20
3555,Southeast,NC,Standard,2022-03-12
3556,Southwest,TX,Standard,2023-09-29
3557,Midwest,WI,Standard,2023-04-30
3558,Northeast,CT,VIP,2023-03-02
3559,Southeast,FL,Standard,2022-04-11
3560,Southwest,AZ,Standard,2024-05-18
3561,Northeast,PA,Standard,2022-04-13
3562,West,CO,Standard,2022-11-02
3563,Southeast,NC,VIP,2023-05-02
3564,Southwest,TX,Standard,2024-02-19
3565,Southeast,VA,Premium,2024-06-11
3566,West,OR,Standard,2023-12-20
3567,Northeast,NJ,Standard,2023-08-30
3568,Southwest,AZ,Premium,2022-12-31
3569,Midwest,OH,Premium,2022-08-01
3570,Northeast,NY,Standard,2023-05-27
3571,West,WA,VIP,2022-02-12
3572,West,WA,Standard,2024-07-27
3573,Midwest,WI,Standard,2024-08-15
3574,Northeast,PA,Standard,2024-09-29
3575,Southeast,VA,VIP,2024-12-13
3576,Northeast,NY,Standard,2024-05-25
3577,West,WA,Standard,2022-10-21
3578,Northeast,PA,Premium,2022-08-29
3579,Southwest,TX,Standard,2024-10-26
3580,West,WA,Standard,2023-08-13
3581,West,CA,Standard,2022-06-05
3582,Midwest,MI,Standard,2023-07-18
3583,Northeast,CT,Premium,2022-12-13
3584,Midwest,IL,Standard,2023-05-15
3585,West,OR,Standard,2024-02-26
3586,Midwest,MI,Standard,2023-08-12
3587,West,OR,Standard,2024-12-25
3588,Southeast,VA,Standard,2022-05-26
3589,Northeast,MA,VIP,2023-01-29
3590,Southeast,FL,Standard,2022-01-11
3591,Southeast,VA,Premium,2024-11-30
3592,Northeast,NY,Standard,2023-03-26
3593,Midwest,WI,Standard,2022-03-04
3594,Southwest,TX,Standard,2023-06-02
3595,Midwest,IL,Standard,2023-02-19
3596,Southwest,AZ,Standard,2024-08-27
3597,Southeast,NC,Standard,2022-05-27
3598,Midwest,WI,Premium,2024-12-20
3599,Southeast,VA,Standard,2023-06-13
3600,Southeast,VA,Standard,2023-05-13
3601,Southeast,GA,Standard,2022-02-22
3602,West,CA,Standard,2022-06-07
3603,Southwest,OK,Standard,2023-09-25
3604,Southwest,NM,Standard,2024-01-24
3605,Midwest,MI,Standard,2022-07-22
3606,Southeast,VA,Standard,2023-07-24
3607,Southwest,OK,Standard,2024-08-13
3608,Southeast,FL,Standard,2023-09-02
3609,Southwest,AZ,Standard,2022-03-19
3610,Southwest,TX,Standard,2022-01-18
3611,Northeast,MA,Premium,2023-05-01
3612,Southeast,TN,Premium,2024-04-09
3613,West,CA,Standard,2022-11-10
3614,West,WA,Standard,2024-08-31
3615,Midwest,OH,Standard,2024-02-03
3616,Northeast,MA,Standard,2022-11-09
3617,Southeast,TN,Standard,2023-06-17
3618,West,CA,Standard,2024-04-15
3619,Northeast,MA,Standard,2023-06-28
3620,West,NV,Standard,2022-05-22
3621,West,NV,Premium,2023-04-17
3622,Midwest,OH,Standard,2022-09-28
3623,West,OR,Standard,2024-05-09
3624,Northeast,NY,Standard,2022-12-14
3625,Northeast,NJ,Standard,2022-04-03
3626,Midwest,MN,Standard,2022-08-29
3627,West,NV,Premium,2022-07-26
3628,Northeast,NY,Standard,2024-11-13
3629,West,WA,Standard,2024-09-22
3630,West,WA,Standard,2024-05-09
3631,Midwest,MN,Standard,2022-04-14
3632,Southeast,VA,Standard,2024-07-31
3633,Northeast,PA,Standard,2022-10-31
3634,Southeast,FL,Standard,2022-06-09
3635,West,CO,Premium,2022-07-21
3636,Midwest,MN,Premium,2024-10-23
3637,Northeast,NY,Premium,2023-06-21
3638,Northeast,CT,Premium,2023-03-02
3639,Midwest,OH,Premium,2024-05-29
3640,West,WA,Standard,2022-04-28
3641,Southwest,TX,Standard,2024-12-26
3642,Northeast,MA,Standard,2022-10-15
3643,Southeast,FL,Standard,2024-03-23
3644,Southwest,AZ,Premium,2024-10-24
3645,West,CO,Standard,2022-10-15
3646,Southwest,AZ,Premium,2024-09-06
3647,Northeast,NJ,Premium,2022-05-20
3648,Southeast,TN,Standard,2023-08-02
3649,Southeast,NC,Standard,2023-04-10
3650,West,WA,Standard,2023-06-19
3651,Southwest,NM,Premium,2023-03-01
3652,Southwest,OK,Standard,2023-10-18
3653,Southeast,VA,Standard,2022-07-25
3654,West,CO,Standard,2022-05-30
3655,Southwest,TX,Standard,2023-04-18
3656,Northeast,PA,Premium,2023-05-23
3657,Southwest,OK,VIP,2024-12-09
3658,Southeast,NC,Premium,2024-06-28
3659,Northeast,PA,Standard,2022-06-03
3660,Midwest,OH,Standard,2023-10-20
3661,Northeast,NJ,Standard,2024-08-17
3662,Midwest,MI,Premium,2024-04-04
3663,West,WA,Premium,2024-03-03
3664,Southwest,TX,Standard,2024-09-16
3665,Northeast,CT,Premium,2022-12-05
3666,Southwest,AZ,Standard,2022-09-08
3667,Northeast,PA,Standard,2024-01-07
3668,West,CO,Standard,2023-07-10
3669,Southwest,OK,Standard,2024-10-03
3670,Southwest,AZ,Standard,2022-01-20
3671,Midwest,MN,Premium,2022-11-16
3672,West,WA,Premium,2022-02-22
3673,Southeast,GA,VIP,2022-05-15
3674,Southeast,NC,Standard,2024-02-28
3675,Southwest,AZ,Standard,2024-10-06
3676,Northeast,MA,Standard,2024-07-18
3677,Northeast,NJ,Standard,2023-07-29
3678,Southwest,TX,Premium,2024-10-10
3679,Midwest,MI,Standard,2024-03-27
3680,Southwest,AZ,Standard,2022-02-12
3681,Northeast,NJ,Premium,2022-01-27
3682,Southwest,TX,Standard,2024-12-09
3683,Midwest,MI,Standard,2023-11-10
3684,Southeast,FL,Premium,2022-06-15
3685,Southeast,NC,Standard,2023-12-15
3686,Southwest,TX,Standard,2023-04-14
3687,Midwest,IL,Premium,2024-02-09
3688,Northeast,NY,Premium,2024-11-20
3689,Southwest,TX,Premium,2023-01-03
3690,Southeast,NC,Standard,2024-10-19
3691,Northeast,NJ,Standard,2022-09-01
3692,Southwest,AZ,Premium,2023-07-24
3693,Northeast,PA,Standard,2024-03-25
3694,Southwest,NM,Standard,2023-10-19
3695,Southeast,NC,Premium,2022-04-20
3696,Southeast,TN,Standard,2022-11-08
3697,West,CA,Standard,2024-07-10
3698,Northeast,NY,Standard,2022-03-26
3699,Midwest,MI,Standard,2022-03-21
3700,Southeast,VA,Premium,2023-06-30
3701,Southeast,VA,Premium,2023-07-05
3702,Southeast,GA,Standard,2024-05-15
3703,West,NV,Standard,2024-12-10
3704,West,WA,Standard,2024-04-25
3705,Southeast,FL,Standard,2023-09-23
3706,West,WA,Standard,2024-06-16
3707,Southeast,TN,Standard,2023-08-15
3708,Midwest,OH,Standard,2022-01-18
3709,Northeast,NY,Standard,2023-06-20
3710,Northeast,MA,Standard,2023-04-05
3711,Midwest,MN,Standard,2023-07-28
3712,Northeast,NY,Standard,2023-08-28
3713,West,CA,Standard,2023-01-05
3714,Northeast,NJ,Standard,2024-01-07
3715,Southwest,TX,Standard,2024-01-07
3716,Midwest,MN,Standard,2023-05-25
3717,Southwest,OK,VIP,2024-04-23
3718,West,NV,Standard,2023-08-26
3719,West,WA,VIP,2022-12-22
3720,West,NV,Standard,2023-01-16
3721,West,WA,Premium,2022-12-28
3722,Southeast,VA,Standard,2023-09-09
3723,Northeast,PA,Standard,2022-07-24
3724,Midwest,MN,Standard,2022-04-30
3725,Northeast,CT,VIP,2023-03-05
3726,Midwest,WI,Standard,2023-07-30
3727,Southwest,OK,Standard,2024-09-07
3728,Southwest,OK,Premium,2022-06-21
3729,Southeast,VA,Standard,2023-09-09
3730,Southeast,NC,Standard,2022-11-28
3731,Midwest,MN,Standard,2023-08-17
3732,Southeast,NC,Premium,2022-03-20
3733,Midwest,OH,Standard,2022-05-18
3734,Midwest,WI,Standard,2024-03-09
3735,Southwest,TX,Standard,2023-06-25
3736,Southwest,AZ,Standard,2023-04-20
3737,Midwest,OH,Standard,2023-02-10
3738,Northeast,NJ,Premium,2024-03-12
3739,Midwest,MN,Standard,2023-07-14
3740,Southwest,NM,Standard,2024-12-01
3741,Midwest,MI,Premium,2023-03-25
3742,Northeast,NJ,Standard,2024-07-09
3743,West,WA,Premium,2022-01-17
3744,Northeast,CT,Premium,2022-03-18
3745,Midwest,MI,VIP,2022-01-15
3746,Southeast,TN,Standard,2024-06-11
3747,West,OR,VIP,2022-08-25
3748,Northeast,NY,Standard,2022-03-26
3749,Southeast,VA,Standard,2024-12-07
3750,Southeast,GA,Standard,2023-04-20
3751,Midwest,WI,Standard,2023-11-18
3752,Midwest,IL,Standard,2023-05-20
3753,Southwest,NM,Standard,2022-06-18
3754,Southwest,AZ,Standard,2022-09-01
3755,Northeast,NJ,Premium,2024-06-08
3756,West,CO,Standard,2022-10-19
3757,Southeast,TN,Standard,2022-02-26
3758,West,CA,Premium,2023-03-02
3759,Northeast,PA,Standard,2022-10-01
3760,Midwest,IL,Standard,2024-07-06
3761,West,OR,Premium,2023-10-18
3762,Southwest,TX,Standard,2022-04-17
3763,Northeast,NY,Standard,2022-12-12
3764,Southeast,FL,VIP,2024-10-25
3765,Southeast,TN,Standard,2022-08-17
3766,West,CO,Standard,2022-04-15
3767,Midwest,MN,Premium,2023-04-11
3768,West,WA,Premium,2023-04-16
3769,Midwest,WI,Premium,2024-09-30
3770,Southeast,VA,Standard,2024-06-29
3771,Northeast,PA,Standard,2024-02-27
3772,Southeast,NC,VIP,2022-03-08
3773,West,WA,Standard,2023-04-08
3774,Northeast,NY,Standard,2022-08-12
3775,Northeast,PA,Premium,2023-09-16
3776,West,OR,Standard,2022-06-02
3777,Midwest,OH,Standard,2022-03-18
3778,West,CA,Standard,2024-04-20
3779,Northeast,MA,Standard,2022-03-21
3780,Southeast,FL,Standard,2023-07-03
3781,Southwest,NM,Standard,2022-05-14
3782,Midwest,OH,Standard,2023-12-17
3783,Northeast,MA,Premium,2024-01-13
3784,West,CA,Standard,2023-04-25
3785,Southwest,NM,Standard,2024-10-20
3786,Southwest,AZ,Standard,2022-06-12
3787,Northeast,MA,Standard,2024-07-10
3788,West,CA,Standard,2023-02-11
3789,Southeast,GA,Standard,2022-05-25
3790,Northeast,NY,Premium,2024-06-05
3791,West,CA,Standard,2023-06-24
3792,West,CO,VIP,2024-06-03
3793,Southwest,OK,Standard,2022-06-14
3794,Midwest,MN,Standard,2022-05-22
3795,Midwest,MI,Standard,2024-05-27
3796,Southeast,GA,Standard,2024-08-17
3797,West,CA,Premium,2023-12-24
3798,West,CA,Standard,2024-04-08
3799,Southwest,TX,Premium,2024-08-15
3800,Southwest,OK,Standard,2024-06-17
3801,Southeast,TN,Premium,2024-01-07
3802,Southeast,FL,Standard,2023-12-25
3803,Midwest,MN,Standard,2024-06-27
3804,West,OR,VIP,2022-11-12
3805,Southwest,OK,Standard,2024-07-01
3806,Northeast,NJ,Standard,2023-07-31
3807,West,NV,VIP,2022-09-23
3808,Southwest,TX,Standard,2022-03-11
3809,West,WA,Standard,2023-04-19
3810,Northeast,NJ,Standard,2023-03-22
3811,Southwest,TX,Standard,2022-09-04
3812,Midwest,MI,Standard,2022-04-01
3813,West,OR,Standard,2024-11-07
3814,Midwest,MN,Standard,2023-11-25
3815,Northeast,NJ,Premium,2022-02-13
3816,Midwest,MN,Standard,2023-01-06
3817,Midwest,MI,Standard,2022-02-16
3818,Northeast,PA,Standard,2023-12-19
3819,Southeast,GA,Premium,2022-09-30
3820,West,WA,Standard,2023-03-15
3821,West,OR,VIP,2024-08-28
3822,Northeast,PA,VIP,2023-02-12
3823,Southeast,GA,Standard,2023-11-27
3824,Northeast,MA,Standard,2024-07-22
3825,West,NV,Premium,2023-11-17
3826,West,CA,Standard,2022-02-24
3827,Midwest,WI,Standard,2023-07-28
3828,West,NV,Standard,2022-08-22
3829,Northeast,MA,Standard,2022-02-22
3830,Southwest,TX,Standard,2022-02-13
3831,West,NV,Standard,2024-08-10
3832,Southwest,OK,Standard,2023-11-07
3833,Southeast,FL,Premium,2023-05-03
3834,Southeast,GA,Premium,2022-02-24
3835,Midwest,IL,Standard,2024-09-19
3836,West,OR,VIP,2022-12-20
3837,West,CA,Standard,2023-02-19
3838,West,CO,Standard,2023-06-01
3839,West,CO,Standard,2024-03-07
3840,Southeast,VA,Standard,2023-06-28
3841,Southeast,TN,Standard,2023-05-25
3842,Southwest,TX,Standard,2024-12-11
3843,Northeast,NY,Standard,2023-10-06
3844,Southeast,TN,Standard,2024-10-03
3845,Southwest,NM,Standard,2022-11-08
3846,Southeast,NC,Standard,2023-10-19
3847,Midwest,MI,Standard,2022-05-19
3848,Southwest,NM,VIP,2023-09-17
3849,Midwest,IL,Standard,2024-07-18
3850,Southwest,AZ,Premium,2023-05-10
3851,Northeast,NJ,Standard,2022-10-16
3852,Midwest,IL,Standard,2024-10-27
3853,Midwest,WI,Standard,2022-06-06
3854,Northeast,NY,Standard,2022-08-29
3855,Midwest,MI,Standard,2024-12-20
3856,West,OR,VIP,2022-07-17
3857,Midwest,OH,Premium,2023-10-12
3858,West,CO,Standard,2023-12-22
3859,Northeast,PA,VIP,2023-03-11
3860,West,OR,Standard,2024-07-31
3861,Northeast,NY,Premium,2024-07-22
3862,Southwest,AZ,VIP,2023-09-26
3863,Midwest,OH,Premium,2024-01-12
3864,Southwest,OK,Standard,2022-01-23
3865,West,NV,Premium,2023-06-24
3866,West,CO,Standard,2022-06-04
3867,Midwest,OH,Standard,2022-12-31
3868,Southeast,TN,Standard,2024-08-20
3869,Southwest,NM,Standard,2022-12-12
3870,Midwest,MN,Standard,2023-03-24
3871,Southwest,AZ,Premium,2022-01-20
3872,Southeast,NC,Standard,2024-05-11
3873,Southeast,TN,Standard,2023-12-03
3874,Southeast,TN,Standard,2023-08-17
3875,Southeast,VA,Standard,2024-07-04
3876,Southwest,OK,Standard,2023-06-15
3877,Midwest,IL,Premium,2022-12-28
3878,Midwest,OH,Standard,2022-06-09
3879,Midwest,MI,Standard,2023-06-30
3880,West,CO,Standard,2022-03-31
3881,West,NV,Standard,2024-04-17
3882,Southeast,GA,Standard,2024-01-18
3883,Southeast,GA,Premium,2022-07-04
3884,Southeast,VA,Standard,2024-05-11
3885,West,OR,Standard,2024-07-13
3886,West,NV,Standard,2022-05-25
3887,Southeast,GA,VIP,2022-07-09
3888,Midwest,IL,Standard,2024-09-28
3889,Midwest,WI,Standard,2022-10-22
3890,Northeast,PA,Standard,2023-08-26
3891,Southeast,GA,VIP,2023-04-26
3892,Northeast,PA,Standard,2023-01-12
3893,Midwest,OH,Standard,2023-10-30
3894,Southeast,VA,Standard,2023-07-24
3895,West,WA,VIP,2022-05-18
3896,Northeast,MA,Standard,2022-12-08
3897,West,WA,Standard,2023-04-17
3898,Southeast,TN,VIP,2022-09-29
3899,West,NV,Premium,2024-11-08
3900,West,OR,Standard,2023-06-23
3901,West,OR,Standard,2024-04-25
3902,Midwest,OH,Premium,2022-01-28
3903,Midwest,IL,Standard,2023-09-15
3904,Southeast,NC,Standard,2023-05-18
3905,West,NV,Standard,2022-09-03
3906,Midwest,IL,Standard,2023-07-18
3907,West,CA,Standard,2022-01-19
3908,Midwest,WI,VIP,2024-11-27
3909,Southwest,TX,Standard,2023-05-02
3910,Southwest,AZ,Premium,2023-07-28
3911,Midwest,IL,Standard,2023-02-02
3912,Southwest,NM,Standard,2023-08-16
3913,Southeast,FL,Standard,2023-03-22
3914,Southwest,TX,Standard,2023-11-07
3915,Southwest,OK,Standard,2023-09-03
3916,Southeast,TN,Standard,2023-01-11
3917,Southwest,AZ,Standard,2023-07-03
3918,Southeast,TN,Standard,2023-05-05
3919,Southeast,NC,Standard,2023-06-30
3920,West,CO,Standard,2022-11-02
3921,Southeast,VA,Standard,2023-06-15
3922,West,CA,Premium,2023-05-10
3923,Midwest,WI,Premium,2023-04-21
3924,Southeast,GA,Premium,2023-09-11
3925,West,CA,Standard,2022-09-27
3926,Southeast,FL,Premium,2023-02-04
3927,West,OR,Standard,2022-03-15
3928,Southwest,OK,Premium,2022-08-03
3929,Midwest,MN,Standard,2024-01-19
3930,Midwest,IL,Standard,2023-09-23
3931,Northeast,CT,Standard,2022-09-12
3932,West,CA,Standard,2022-05-16
3933,Southeast,FL,Standard,2023-02-25
3934,Southwest,TX,Standard,2024-06-19
3935,Southeast,GA,Standard,2022-02-07
3936,West,CA,Standard,2022-03-22
3937,West,WA,Premium,2023-04-24
3938,Northeast,PA,Standard,2022-11-04
3939,Midwest,WI,Standard,2024-09-07
3940,Northeast,NJ,Standard,2022-06-25
3941,Northeast,NJ,Standard,2022-06-25
3942,Northeast,PA,Standard,2022-02-02
3943,Southeast,FL,Standard,2022-02-05
3944,Northeast,NJ,VIP,2022-11-15
3945,West,WA,Premium,2022-09-27
3946,Southwest,OK,Premium,2023-07-16
3947,Southwest,NM,Standard,2022-03-13
3948,Southeast,VA,Standard,2024-10-21
3949,Midwest,WI,Standard,2022-05-20
3950,Midwest,OH,VIP,2023-12-15
3951,West,CO,Premium,2023-02-06
3952,Southwest,NM,Standard,2024-11-08
3953,West,CO,VIP,2022-02-23
3954,Midwest,OH,Standard,2023-04-04
3955,Northeast,NJ,Premium,2022-12-31
3956,Midwest,MN,Standard,2024-06-07
3957,Southwest,AZ,Standard,2024-04-21
3958,West,CO,Standard,2022-06-23
3959,Midwest,MI,Standard,2023-03-27
3960,Midwest,IL,Premium,2024-04-07
3961,Southwest,AZ,Standard,2023-09-04
3962,Midwest,MN,Standard,2022-06-09
3963,Southeast,TN,Standard,2023-07-14
3964,Midwest,WI,Standard,2022-12-13
3965,West,CA,Standard,2023-06-08
3966,Midwest,IL,Standard,2024-04-10
3967,Southwest,NM,Standard,2024-05-22
3968,Southeast,VA,Premium,2022-08-05
3969,West,OR,Premium,2023-08-22
3970,Southeast,FL,VIP,2024-04-22
3971,Midwest,WI,VIP,2023-05-29
3972,West,CA,Premium,2024-06-28
3973,Southwest,TX,Standard,2022-10-26
3974,West,CA,VIP,2022-04-24
3975,Midwest,IL,Standard,2023-12-18
3976,Midwest,MI,Premium,2023-03-21
3977,Southwest,NM,Premium,2023-10-29
3978,West,CA,Standard,2024-08-09
3979,Southeast,GA,Standard,2024-01-30
3980,Northeast,PA,Premium,2023-09-30
3981,Northeast,NY,Standard,2024-04-18
3982,Midwest,WI,Premium,2022-04-02
3983,West,CO,Standard,2022-02-04
3984,Midwest,OH,Standard,2022-01-19
3985,Northeast,CT,Standard,2022-04-20
3986,Southwest,TX,Standard,2023-06-18
3987,Southeast,VA,Standard,2022-03-26
3988,Southwest,AZ,VIP,2023-07-27
3989,Northeast,MA,Standard,2023-03-07
3990,Southwest,AZ,Premium,2023-06-04
3991,West,WA,Standard,2022-05-18
3992,Midwest,OH,Standard,2023-12-02
3993,Midwest,MN,Standard,2023-06-22
3994,Southeast,TN,Standard,2022-01-30
3995,Midwest,MN,Standard,2023-09-06
3996,West,OR,Standard,2022-05-21
3997,Midwest,IL,Standard,2024-04-18
3998,Southwest,NM,Standard,2022-10-14
3999,West,NV,Premium,2022-05-01
4000,Southeast,TN,Standard,2022-02-09
4001,Midwest,IL,Standard,2024-11-07
4002,Northeast,NY,Standard,2022-10-19
4003,West,WA,Standard,2024-04-23
4004,Northeast,CT,Standard,2022-12-13
4005,West,WA,Premium,2024-12-10
4006,Southwest,TX,Standard,2024-01-24
4007,Southeast,VA,Premium,2024-10-24
4008,Northeast,NY,Premium,2024-11-11
4009,Northeast,NJ,Standard,2023-04-17
4010,Southeast,TN,VIP,2024-01-17
4011,Southeast,TN,Standard,2022-05-18
4012,Midwest,MI,Standard,2022-08-03
4013,Midwest,MI,Standard,2022-04-29
4014,Southwest,NM,Premium,2024-10-11
4015,Northeast,PA,Standard,2023-07-28
4016,Northeast,NY,Standard,2024-04-28
4017,Midwest,IL,Standard,2022-04-07
4018,Northeast,MA,Standard,2023-08-28
4019,West,CO,Standard,2022-09-24
4020,Southeast,FL,Premium,2023-09-09
4021,Southeast,VA,Standard,2023-03-23
4022,Southeast,VA,Standard,2024-05-21
4023,Southwest,NM,Standard,2022-05-12
4024,West,CO,Premium,2022-03-05
4025,Midwest,OH,Standard,2022-09-21
4026,Southeast,TN,Standard,2023-03-21
4027,West,WA,Standard,2022-02-22
4028,Northeast,CT,Standard,2023-04-09
4029,Midwest,MN,Standard,2024-12-29
4030,West,OR,Standard,2023-09-25
4031,Midwest,MN,Premium,2023-04-01
4032,West,CA,VIP,2022-06-20
4033,Northeast,NJ,Premium,2024-11-09
4034,Southeast,VA,Standard,2023-07-21
4035,Northeast,NY,Standard,2024-11-24
4036,Southwest,NM,Standard,2024-05-26
4037,Southwest,NM,Standard,2023-12-17
4038,West,CA,Standard,2022-07-19
4039,Midwest,WI,Premium,2023-03-25
4040,Southeast,NC,Premium,2023-02-15
4041,Midwest,WI,Standard,2023-01-26
4042,Northeast,CT,VIP,2024-07-17
4043,West,OR,Standard,2022-04-06
4044,Southwest,TX,Premium,2024-02-24
4045,West,CA,Standard,2023-03-06
4046,West,WA,Standard,2024-05-10
4047,West,NV,Standard,2023-03-06
4048,West,CO,Standard,2023-02-23
4049,Southwest,TX,Standard,2023-01-17
4050,Midwest,OH,Standard,2024-12-23
4051,Southwest,NM,Standard,2022-11-02
4052,Southeast,VA,Standard,2022-09-13
4053,Southwest,TX,Standard,2024-01-03
4054,Southeast,VA,Premium,2022-09-06
4055,Midwest,IL,Standard,2022-10-31
4056,Southeast,FL,VIP,2023-10-04
4057,Southwest,AZ,Standard,2024-04-18
4058,Northeast,CT,Standard,2024-02-12
4059,Southeast,VA,Standard,2024-02-28
4060,West,WA,Standard,2023-11-13
4061,Northeast,CT,Standard,2024-01-05
4062,West,CA,Standard,2023-11-16
4063,Midwest,WI,Standard,2024-01-08
4064,Midwest,IL,Premium,2022-01-12
4065,West,NV,Standard,2023-03-16
4066,Northeast,MA,Premium,2022-11-03
4067,West,CA,Standard,2023-04-09
4068,West,CO,Standard,2024-08-31
4069,Southeast,FL,Premium,2023-10-02
4070,West,CA,Standard,2022-10-03
4071,Midwest,MN,Standard,2023-07-26
4072,Southeast,GA,Standard,2022-11-10
4073,Southeast,GA,Premium,2023-08-03
4074,Southwest,NM,Standard,2023-07-01
4075,West,CO,Standard,2024-03-14
4076,Southeast,NC,Standard,2022-05-16
4077,Northeast,PA,Standard,2022-02-17
4078,Southeast,GA,Standard,2022-12-19
4079,Southwest,AZ,Standard,2022-04-11
4080,Midwest,MI,Standard,2022-03-17
4081,West,CA,Standard,2024-08-21
4082,Northeast,CT,Standard,2022-03-08
4083,West,CO,VIP,2024-09-11
4084,Midwest,WI,Standard,2024-06-27
4085,Northeast,MA,Standard,2022-12-08
4086,Midwest,OH,Standard,2024-12-24
4087,Midwest,OH,Standard,2022-08-01
4088,Midwest,IL,Standard,2022-09-07
4089,West,CO,Standard,2024-06-14
4090,Southeast,FL,Premium,2023-12-01
4091,West,WA,Standard,2024-09-23
4092,West,NV,Premium,2023-11-04
4093,Northeast,NY,Standard,2024-03-16
4094,Midwest,MI,Standard,2023-06-20
4095,Northeast,MA,Standard,2024-03-02
4096,Southwest,AZ,Standard,2022-12-28
4097,Midwest,MI,Standard,2024-02-12
4098,Southeast,VA,Standard,2023-03-04
4099,West,NV,Standard,2022-03-05
4100,West,CA,Standard,2022-03-22
4101,Midwest,OH,Standard,2023-12-11
4102,Southeast,NC,Standard,2022-11-16
4103,Southwest,TX,Standard,2022-02-08
4104,Southwest,OK,Standard,2023-02-14
4105,Midwest,OH,VIP,2024-06-12
4106,Southwest,TX,Premium,2023-08-09
4107,Northeast,NJ,Standard,2022-10-22
4108,West,CO,Premium,2023-05-15
4109,Northeast,NJ,Standard,2024-10-04
4110,West,WA,Standard,2022-11-25
4111,Northeast,NJ,Standard,2023-02-11
4112,West,WA,Standard,2022-07-04
4113,Southeast,FL,Standard,2022-03-10
4114,Southeast,VA,Standard,2022-11-20
4115,Southwest,NM,Premium,2023-08-01
4116,Northeast,CT,Standard,2024-10-14
4117,Midwest,OH,Standard,2022-12-19
4118,Northeast,CT,Premium,2022-03-21
4119,West,OR,Standard,2022-07-02
4120,Midwest,MI,Standard,2024-05-20
4121,Southwest,AZ,Premium,2023-03-13
4122,Southwest,TX,Standard,2022-11-13
4123,Northeast,NJ,Standard,2022-02-04
4124,Southwest,NM,Standard,2022-01-04
4125,Midwest,MI,Standard,2022-05-22
4126,West,OR,Standard,2023-01-09
4127,West,WA,Standard,2022-02-18
4128,Midwest,OH,Standard,2024-01-16
4129,Midwest,MN,Premium,2023-12-21
4130,Midwest,MN,Premium,2022-12-05
4131,Midwest,MN,Standard,2023-04-15
4132,Midwest,WI,Premium,2024-06-01
4133,Southwest,TX,Standard,2024-02-26
4134,Southeast,NC,Premium,2022-04-29
4135,Midwest,IL,Standard,2023-06-18
4136,Northeast,NJ,Standard,2023-11-25
4137,Northeast,NY,Premium,2023-05-20
4138,Midwest,IL,Standard,2023-04-01
4139,Midwest,MI,Premium,2024-06-17
4140,Northeast,NJ,Standard,2022-02-10
4141,Southwest,NM,Standard,2024-03-09
4142,Southeast,TN,VIP,2024-06-02
4143,Southeast,TN,Standard,2023-10-16
4144,Southwest,TX,Standard,2024-06-14
4145,Midwest,OH,Standard,2023-05-22
4146,West,CO,Standard,2022-08-05
4147,West,CA,Standard,2024-12-19
4148,Southeast,GA,Premium,2022-01-04
4149,Northeast,PA,Standard,2024-04-11
4150,Southwest,OK,Standard,2022-06-25
4151,Southeast,NC,Standard,2024-05-08
4152,Southeast,GA,Standard,2023-07-24
4153,West,OR,Standard,2022-01-14
4154,Midwest,MI,Standard,2023-03-24
4155,Northeast,MA,Standard,2023-04-04
4156,Northeast,PA,Standard,2024-10-24
4157,Southeast,TN,Premium,2023-10-15
4158,Midwest,WI,Standard,2024-04-09
4159,Southeast,GA,Standard,2024-02-14
4160,Southeast,FL,Standard,2024-07-27
4161,Southeast,VA,Premium,2023-03-07
4162,Northeast,MA,Standard,2023-01-29
4163,Southeast,GA,Standard,2023-02-02
4164,Southeast,GA,Premium,2024-11-05
4165,Southeast,GA,Standard,2024-02-11
4166,Southwest,NM,Premium,2023-12-03
4167,Northeast,MA,Standard,2022-04-05
4168,Southeast,NC,Standard,2023-02-25
4169,West,OR,VIP,2023-12-18
4170,Midwest,IL,Standard,2023-08-28
4171,Northeast,PA,Standard,2024-03-26
4172,Midwest,OH,Standard,2022-09-05
4173,West,CA,Standard,2022-09-12
4174,Midwest,MN,Standard,2024-01-18
4175,Southeast,FL,Standard,2024-03-01
4176,Southeast,NC,Standard,2023-01-09
4177,West,WA,Standard,2022-08-07
4178,West,NV,Standard,2023-02-05
4179,West,OR,Standard,2023-12-12
4180,Midwest,IL,Standard,2023-05-10
4181,Midwest,WI,VIP,2022-07-10
4182,Southeast,VA,Premium,2023-01-13
4183,Southwest,OK,Standard,2024-01-15
4184,Southwest,OK,Premium,2022-10-31
4185,Northeast,NY,Premium,2024-05-17
4186,Midwest,MN,Premium,2024-06-09
4187,Midwest,MN,Standard,2022-03-21
4188,Southwest,AZ,Standard,2022-09-27
4189,Southwest,NM,Standard,2024-09-14
4190,Midwest,MN,Premium,2022-03-15
4191,Northeast,CT,Standard,2023-02-05
4192,Northeast,PA,Standard,2022-02-05
4193,Southeast,VA,Standard,2022-07-13
4194,Southwest,NM,Standard,2023-03-15
4195,Northeast,MA,Premium,2023-05-18
4196,Northeast,PA,VIP,2023-03-06
4197,Midwest,IL,Standard,2022-03-26
4198,West,NV,Premium,2023-01-10
4199,Southeast,VA,Standard,2024-06-28
4200,Southeast,GA,Standard,2022-01-11
4201,Northeast,CT,Premium,2024-05-23
4202,Southeast,FL,Standard,2024-04-01
4203,Northeast,CT,Standard,2022-05-26
4204,Northeast,CT,Standard,2023-07-02
4205,West,NV,Premium,2024-03-18
4206,Midwest,WI,Standard,2022-03-20
4207,Southeast,GA,Standard,2023-11-17
4208,Midwest,MN,Standard,2024-10-19
4209,Northeast,NY,Standard,2024-11-13
4210,Midwest,MN,Premium,2022-04-25
4211,West,OR,Standard,2023-05-02
4212,Northeast,NJ,Premium,2024-09-01
4213,West,CO,Standard,2023-08-26
4214,Southeast,TN,Standard,2024-08-01
4215,Southeast,NC,Standard,2022-11-12
4216,Midwest,OH,Standard,2023-03-21
4217,Northeast,NY,Standard,2023-09-12
4218,Southwest,OK,Standard,2022-10-27
4219,Midwest,OH,Standard,2022-08-19
4220,Northeast,NJ,VIP,2022-02-25
4221,Northeast,NJ,Standard,2022-12-16
4222,Northeast,MA,Standard,2022-08-20
4223,Northeast,NJ,Standard,2023-09-01
4224,West,WA,Standard,2022-08-31
4225,Midwest,WI,Standard,2023-06-18
4226,Southeast,NC,Standard,2023-10-02
4227,Southeast,TN,Standard,2024-10-03
4228,Southeast,TN,Premium,2022-07-14
4229,Northeast,NY,Premium,2024-09-04
4230,Southwest,TX,Standard,2022-12-01
4231,Southeast,TN,Premium,2023-08-06
4232,Midwest,MN,VIP,2023-09-18
4233,West,OR,Standard,2024-09-01
4234,Southwest,OK,Standard,2022-01-01
4235,Midwest,MN,VIP,2022-09-01
4236,Midwest,MI,Standard,2023-02-21
4237,Northeast,NY,Standard,2024-12-19
4238,Northeast,NY,VIP,2024-05-17
4239,West,WA,Standard,2022-05-01
4240,Midwest,IL,Standard,2023-12-24
4241,Southwest,NM,Standard,2024-08-16
4242,Midwest,WI,Premium,2023-08-24
4243,Southeast,GA,Standard,2023-03-04
4244,Northeast,NY,Standard,2022-06-22
4245,Southwest,NM,Standard,2024-10-06
4246,Northeast,NJ,Premium,2024-12-26
4247,West,CA,Standard,2024-04-09
4248,West,OR,Standard,2022-07-11
4249,West,WA,Standard,2023-02-02
4250,Northeast,MA,VIP,2023-04-22
4251,Midwest,OH,Standard,2022-08-11
4252,Northeast,PA,Standard,2023-09-19
4253,West,WA,Premium,2023-01-20
4254,Midwest,IL,Premium,2022-03-18
4255,Midwest,OH,Standard,2024-09-02
4256,West,NV,Standard,2023-06-13
4257,Southwest,AZ,VIP,2022-11-05
4258,Midwest,MI,Standard,2024-02-08
4259,Midwest,MI,Standard,2023-06-01
4260,West,CO,Standard,2022-05-08
4261,Midwest,IL,Premium,2022-12-26
4262,Midwest,OH,Standard,2022-06-23
4263,Southeast,NC,Standard,2024-12-29
4264,West,NV,Standard,2024-10-14
4265,Southeast,FL,Standard,2024-06-27
4266,Southwest,AZ,Premium,2022-09-06
4267,Southwest,OK,Premium,2023-02-21
4268,West,WA,Standard,2023-12-15
4269,Southeast,TN,Standard,2022-08-14
4270,Midwest,OH,Standard,2022-06-12
4271,Midwest,MI,Standard,2022-07-30
4272,West,WA,Standard,2022-05-26
4273,West,CA,Standard,2023-08-10
4274,West,WA,Standard,2023-09-12
4275,Southeast,VA,Standard,2023-03-07
4276,Northeast,CT,Standard,2022-08-05
4277,Midwest,WI,Standard,2022-06-26
4278,Northeast,PA,Premium,2023-06-06
4279,West,WA,Premium,2023-08-13
4280,Southeast,FL,Standard,2024-06-20
4281,Midwest,WI,VIP,2022-10-01
4282,Northeast,PA,Premium,2023-05-08
4283,Southeast,FL,Standard,2022-10-21
4284,Northeast,MA,Standard,2023-12-09
4285,Midwest,IL,Standard,2024-12-19
4286,Southwest,AZ,Standard,2024-02-17
4287,Northeast,NY,Standard,2023-10-02
4288,West,WA,Standard,2024-12-04
4289,West,WA,Standard,2022-10-16
4290,Southeast,FL,Standard,2023-08-21
4291,Southeast,NC,Standard,2022-12-23
4292,Southwest,OK,Standard,2023-07-07
4293,West,NV,Premium,2023-01-29
4294,Southeast,TN,VIP,2022-06-07
4295,West,CO,VIP,2024-05-14
4296,West,CO,Premium,2022-11-03
4297,Southwest,OK,Standard,2024-02-13
4298,Southwest,OK,Premium,2023-07-03
4299,Midwest,MN,Standard,2024-05-09
4300,West,CO,Standard,2024-07-22
4301,Southeast,GA,Standard,2023-03-27
4302,Northeast,CT,Standard,2024-01-29
4303,Northeast,CT,Standard,2022-01-23
4304,Southwest,TX,Standard,2024-01-24
4305,Southwest,OK,Standard,2024-05-06
4306,West,NV,Standard,2024-08-17
4307,West,WA,Premium,2024-10-12
4308,Southwest,AZ,Premium,2022-04-01
4309,Midwest,MI,Standard,2023-11-27
4310,Southeast,VA,Premium,2024-02-01
4311,Midwest,MN,Premium,2024-12-08
4312,West,OR,Standard,2022-12-17
4313,Northeast,CT,Premium,2022-09-11
4314,West,CO,Standard,2024-09-21
4315,Midwest,OH,Standard,2024-02-08
4316,Southeast,FL,Standard,2023-10-10
4317,Southeast,GA,Standard,2023-11-20
4318,West,OR,Standard,2022-08-01
4319,Midwest,MN,Standard,2023-06-27
4320,Northeast,NJ,Premium,2024-09-24
4321,West,CA,VIP,2023-02-14
4322,West,OR,Standard,2024-02-13
4323,West,WA,Standard,2023-09-04
4324,West,NV,Standard,2024-11-28
4325,Southeast,TN,Standard,2022-07-02
4326,Northeast,NJ,Standard,2024-12-15
4327,Midwest,MN,Standard,2023-09-08
4328,Northeast,MA,Standard,2023-07-09
4329,West,CO,Standard,2024-12-12
4330,Northeast,MA,Standard,2024-07-12
4331,Southeast,FL,Standard,2023-01-28
4332,Southwest,NM,Standard,2023-12-18
4333,Southeast,NC,Standard,2023-10-06
4334,Southwest,AZ,VIP,2022-08-14
4335,Southeast,FL,Premium,2024-09-29
4336,Southeast,GA,Standard,2023-05-16
4337,Northeast,MA,Premium,2023-08-29
4338,Southeast,NC,Standard,2022-01-20
4339,Southeast,TN,Standard,2022-06-27
4340,Northeast,NJ,Standard,2024-09-21
4341,Southeast,VA,Standard,2023-01-06
4342,Southeast,NC,Standard,2022-08-07
4343,Midwest,IL,Standard,2023-12-15
4344,Southwest,NM,Standard,2023-07-08
4345,Southwest,NM,Standard,2024-03-08
4346,Southeast,FL,Standard,2024-02-22
4347,Midwest,IL,Standard,2022-03-12
4348,Midwest,IL,Standard,2022-11-15
4349,Southwest,TX,Standard,2023-10-10
4350,Midwest,OH,Standard,2024-02-10
4351,Southwest,NM,Standard,2022-03-19
4352,Midwest,OH,Standard,2022-04-13
4353,West,CO,Standard,2022-06-29
4354,Southeast,NC,Premium,2022-06-23
4355,Northeast,NJ,Premium,2022-06-21
4356,West,CO,Premium,2022-09-27
4357,Southwest,OK,Premium,2023-10-06
4358,Southeast,VA,Standard,2022-03-16
4359,Midwest,WI,Standard,2024-06-13
4360,Southwest,NM,Standard,2022-11-09
4361,Southeast,GA,Standard,2024-07-12
4362,Midwest,MI,Standard,2023-08-18
4363,Southeast,NC,Premium,2022-11-26
4364,Northeast,MA,Standard,2024-11-24
4365,Midwest,WI,Standard,2022-03-23
4366,Midwest,OH,Standard,2022-12-13
4367,Northeast,CT,Standard,2024-01-08
4368,Northeast,MA,Premium,2022-11-27
4369,Southwest,OK,Standard,2022-03-10
4370,West,CO,VIP,2023-09-19
4371,Northeast,NJ,Premium,2023-04-28
4372,Southwest,NM,Standard,2023-11-14
4373,Southeast,FL,Standard,2022-07-14
4374,West,OR,Standard,2023-03-22
4375,West,CO,Standard,2024-10-28
4376,West,WA,Premium,2023-11-23
4377,Southeast,GA,Standard,2023-12-26
4378,Southwest,NM,Standard,2023-03-07
4379,Southeast,TN,Standard,2024-04-10
4380,Midwest,WI,Standard,2024-12-22
4381,Northeast,CT,Standard,2023-07-28
4382,Northeast,PA,Standard,2024-11-21
4383,West,OR,Standard,2023-03-18
4384,Northeast,NJ,Standard,2022-01-01
4385,Southwest,OK,Standard,2023-05-10
4386,Northeast,MA,Standard,2023-10-28
4387,West,WA,VIP,2024-03-13
4388,West,WA,Premium,2022-04-26
4389,West,NV,Premium,2022-02-22
4390,Midwest,OH,Standard,2023-10-25
4391,Northeast,NJ,Standard,2024-07-22
4392,Southwest,TX,Standard,2024-05-31
4393,Southwest,TX,Standard,2023-10-28
4394,Southeast,TN,Standard,2023-12-04
4395,Southwest,NM,Standard,2022-08-13
4396,Southeast,NC,Standard,2023-08-28
4397,Midwest,MN,Standard,2023-06-01
4398,West,CA,Standard,2023-09-26
4399,Southeast,GA,Standard,2022-07-19
4400,Southeast,GA,Standard,2022-10-07
4401,Southwest,NM,Standard,2024-09-16
4402,Midwest,IL,Standard,2024-03-13
4403,Midwest,MI,Standard,2022-09-07
4404,Southeast,GA,Standard,2023-03-10
4405,Midwest,IL,Standard,2024-06-08
4406,West,OR,Standard,2022-11-14
4407,West,WA,Standard,2023-10-15
4408,West,CO,Standard,2022-06-03
4409,Southeast,TN,Standard,2023-03-10
4410,West,WA,Standard,2022-07-06
4411,Southwest,NM,Standard,2022-01-28
4412,Southwest,AZ,Premium,2023-11-10
4413,Southwest,OK,Standard,2023-11-19
4414,West,CO,Standard,2022-12-07
4415,West,CO,Standard,2023-04-09
4416,Midwest,OH,Premium,2022-07-07
4417,West,CO,Standard,2022-04-02
4418,West,CA,Standard,2023-07-21
4419,West,OR,Standard,2023-06-23
4420,Southwest,OK,Standard,2022-09-15
4421,Southeast,NC,Standard,2024-01-19
4422,Midwest,IL,Standard,2022-08-14
4423,Midwest,MI,Standard,2024-03-20
4424,Northeast,NJ,Standard,2023-07-05
4425,Northeast,PA,Standard,2024-09-30
4426,West,WA,Standard,2022-10-19
4427,Southeast,NC,Standard,2023-02-14
4428,Southwest,TX,VIP,2022-07-20
4429,West,CA,Premium,2023-07-08
4430,Southeast,VA,Standard,2022-10-07
4431,Southwest,NM,Standard,2022-07-20
4432,Southwest,AZ,Premium,2023-08-12
4433,Midwest,MI,Standard,2022-04-12
4434,Northeast,NY,Standard,2024-07-11
4435,Northeast,NY,Premium,2024-06-02
4436,Southeast,NC,Standard,2023-06-03
4437,Southwest,NM,Standard,2024-11-30
4438,Northeast,PA,Standard,2022-03-10
4439,West,NV,Standard,2024-05-29
4440,Northeast,NJ,Premium,2024-01-15
4441,Midwest,MI,Premium,2024-09-06
4442,Southwest,AZ,VIP,2024-12-07
4443,Northeast,PA,Premium,2023-04-02
4444,Southeast,NC,Standard,2024-02-10
4445,Northeast,MA,Standard,2023-10-07
4446,Southeast,FL,Standard,2024-07-28
4447,Midwest,WI,Standard,2024-11-27
4448,Southwest,OK,Standard,2022-11-04
4449,Southeast,VA,Standard,2023-07-09
4450,Midwest,IL,Premium,2024-05-16
4451,West,NV,Premium,2023-01-10
4452,Northeast,MA,VIP,2023-07-22
4453,West,NV,Standard,2023-10-03
4454,Northeast,NY,Standard,2023-07-10
4455,Southwest,TX,Standard,2023-08-01
4456,Northeast,MA,Standard,2022-03-28
4457,Midwest,OH,Standard,2023-08-26
4458,Midwest,WI,Premium,2024-04-26
4459,West,CA,Standard,2023-10-11
4460,Southwest,OK,Standard,2024-03-22
4461,Northeast,CT,Standard,2023-02-17
4462,Northeast,CT,Premium,2023-12-27
4463,Southeast,FL,Premium,2022-01-19
4464,Southwest,TX,Premium,2023-04-07
4465,West,OR,Standard,2024-06-24
4466,Southeast,FL,Standard,2022-10-22
4467,Midwest,IL,Standard,2024-02-25
4468,Northeast,CT,Standard,2024-01-05
4469,West,OR,Standard,2024-10-22
4470,West,CA,Standard,2022-09-06
4471,Southeast,VA,VIP,2024-04-15
4472,Midwest,IL,Standard,2023-04-13
4473,West,WA,Standard,2022-09-09
4474,Midwest,WI,Premium,2023-11-14
4475,Southeast,VA,Standard,2022-03-17
4476,Southeast,TN,Premium,2022-11-09
4477,Northeast,CT,Standard,2024-01-18
4478,West,NV,Premium,2022-03-29
4479,West,NV,VIP,2023-12-29
4480,West,OR,Standard,2022-02-23
4481,Northeast,CT,VIP,2024-06-19
4482,Southwest,AZ,Premium,2023-05-28
4483,West,WA,VIP,2022-07-02
4484,Southeast,VA,Standard,2023-01-10
4485,Northeast,NY,Standard,2022-02-13
4486,Northeast,NJ,Standard,2022-08-02
4487,Midwest,OH,Standard,2024-03-09
4488,Northeast,MA,VIP,2022-05-28
4489,Southwest,NM,Premium,2024-10-25
4490,Northeast,CT,Standard,2024-05-09
4491,West,WA,VIP,2024-12-07
4492,Midwest,WI,Standard,2023-11-11
4493,Northeast,CT,Standard,2024-04-18
4494,Southwest,TX,Standard,2022-12-06
4495,Southwest,OK,Standard,2024-03-25
4496,Midwest,MN,Standard,2022-04-29
4497,Midwest,MN,Standard,2023-12-12
4498,Southeast,NC,Standard,2024-08-01
4499,Northeast,NJ,VIP,2024-07-20
4500,Southeast,VA,Standard,2022-07-09
4501,Northeast,NY,Standard,2024-08-18
4502,Northeast,CT,Standard,2024-07-14
4503,Southwest,AZ,Standard,2024-02-10
4504,Northeast,PA,Standard,2024-08-31
4505,Midwest,WI,Premium,2023-04-26
4506,Southeast,FL,Standard,2024-06-11
4507,Midwest,IL,Standard,2022-05-07
4508,Southeast,GA,Standard,2023-02-01
4509,Southwest,NM,Premium,2022-11-09
4510,Southeast,GA,Standard,2022-12-31
4511,Northeast,MA,Premium,2024-05-28
4512,Southwest,AZ,Standard,2024-07-03
4513,Southeast,VA,Premium,2023-06-14
4514,West,WA,Standard,2024-02-25
4515,West,CA,Standard,2023-07-27
4516,Northeast,CT,Standard,2024-02-01
4517,Northeast,NY,Premium,2023-07-31
4518,Northeast,NY,Standard,2024-10-15
4519,Midwest,WI,Standard,2022-04-03
4520,Midwest,IL,VIP,2023-09-03
4521,Northeast,NJ,Standard,2024-09-06
4522,Northeast,PA,Standard,2023-09-25
4523,West,CO,Standard,2022-03-14
4524,Northeast,NY,Premium,2024-03-06
4525,Southeast,VA,Standard,2024-03-20
4526,West,CA,VIP,2023-11-09
4527,Southwest,OK,Premium,2024-05-19
4528,Southeast,VA,Premium,2022-02-18
4529,West,OR,VIP,2022-11-26
4530,West,WA,Standard,2023-07-02
4531,Southwest,OK,Premium,2024-07-19
4532,Southwest,NM,Standard,2023-11-05
4533,Midwest,MI,Standard,2022-04-10
4534,Southeast,GA,Standard,2023-04-13
4535,West,CA,Premium,2022-10-02
4536,Northeast,MA,Standard,2022-10-29
4537,Southeast,TN,Standard,2024-12-24
4538,Northeast,MA,Premium,2022-12-19
4539,Southeast,VA,Premium,2024-04-23
4540,Southeast,FL,Standard,2024-10-25
4541,Southwest,AZ,Standard,2024-05-27
4542,Southwest,NM,Premium,2022-05-03
4543,Midwest,WI,Standard,2024-03-13
4544,Southeast,NC,Standard,2024-12-27
4545,Midwest,MI,Standard,2024-06-29
4546,Midwest,IL,Standard,2023-11-26
4547,Midwest,IL,Standard,2022-07-08
4548,Midwest,MI,Premium,2022-10-24
4549,Midwest,IL,VIP,2023-03-04
4550,Southeast,TN,Premium,2023-11-17
4551,Southwest,TX,Premium,2024-12-03
4552,Southwest,OK,Standard,2022-01-02
4553,West,OR,Standard,2024-12-22
4554,Northeast,PA,Standard,2022-03-17
4555,Northeast,NJ,Standard,2022-06-12
4556,Southeast,GA,Standard,2024-08-27
4557,West,NV,Premium,2023-04-04
4558,Southeast,NC,VIP,2023-02-18
4559,Midwest,IL,Premium,2024-06-30
4560,Southwest,NM,Standard,2022-01-19
4561,Southwest,NM,Standard,2022-05-26
4562,West,WA,Standard,2022-10-15
4563,Southeast,GA,Standard,2023-09-08
4564,Northeast,PA,Standard,2024-09-15
4565,Southeast,TN,Premium,2024-04-13
4566,Southwest,NM,Standard,2022-05-10
4567,Southwest,AZ,VIP,2022-03-28
4568,Midwest,IL,Standard,2023-03-15
4569,Southwest,AZ,Standard,2024-05-04
4570,West,WA,Standard,2023-05-09
4571,Northeast,MA,Premium,2022-08-05
4572,Northeast,MA,Premium,2024-04-02
4573,Southwest,OK,Standard,2023-12-16
4574,Southwest,TX,Standard,2022-11-17
4575,Midwest,WI,VIP,2022-08-04
4576,Midwest,WI,Standard,2023-02-01
4577,Southeast,NC,Standard,2024-11-18
4578,Southwest,TX,Standard,2023-01-30
4579,Southeast,VA,Standard,2023-07-04
4580,Southwest,NM,Standard,2024-12-16
4581,Southeast,GA,Standard,2023-05-26
4582,Northeast,NJ,Standard,2024-08-16
4583,West,CA,Standard,2023-02-08
4584,Midwest,WI,Standard,2022-04-09
4585,West,OR,Standard,2024-05-21
4586,Northeast,NY,Standard,2024-02-25
4587,West,CO,Standard,2023-07-12
4588,Southwest,TX,Standard,2022-06-10
4589,Southwest,TX,Standard,2022-01-04
4590,Midwest,OH,Standard,2024-05-30
4591,Midwest,IL,Premium,2022-10-23
4592,Southwest,OK,Standard,2024-02-26
4593,Northeast,CT,Standard,2022-08-07
4594,Northeast,NY,Standard,2024-01-31
4595,Northeast,MA,Standard,2023-12-23
4596,Midwest,IL,Standard,2023-06-25
4597,Southwest,NM,Premium,2023-12-20
4598,Northeast,NY,Standard,2024-08-23
4599,West,OR,Standard,2023-09-12
4600,Southeast,TN,Standard,2024-05-20
4601,West,WA,Standard,2022-02-03
4602,Southwest,TX,Standard,2022-12-22
4603,Northeast,MA,Premium,2023-01-29
4604,Midwest,OH,Standard,2024-02-29
4605,Southwest,AZ,Standard,2022-06-09
4606,Southwest,NM,Standard,2023-06-06
4607,Southwest,NM,Standard,2023-10-01
4608,Northeast,NJ,Premium,2023-03-23
4609,West,WA,Standard,2022-05-02
4610,Northeast,NJ,Premium,2024-04-04
4611,Northeast,PA,Premium,2024-01-06
4612,Southeast,NC,Premium,2023-03-26
4613,Midwest,MN,Standard,2023-03-01
4614,Midwest,WI,Premium,2023-08-04
4615,Southeast,TN,Standard,2023-12-07
4616,Northeast,MA,Premium,2024-03-11
4617,Southeast,GA,Standard,2024-12-19
4618,Southeast,GA,Standard,2024-08-02
4619,West,CO,Standard,2023-03-21
4620,Midwest,MI,VIP,2023-08-09
4621,Southwest,AZ,Standard,2023-06-12
4622,Southeast,VA,Standard,2023-04-05
4623,Northeast,CT,Standard,2023-04-03
4624,West,WA,VIP,2022-08-03
4625,West,WA,Standard,2022-09-09
4626,Midwest,WI,Standard,2024-02-19
4627,Southeast,TN,Standard,2024-12-15
4628,Southeast,TN,Standard,2022-12-09
4629,West,OR,Standard,2022-01-24
4630,Southeast,TN,Standard,2022-12-30
4631,Southwest,NM,Premium,2024-02-06
4632,Northeast,NY,VIP,2023-01-25
4633,Midwest,IL,Premium,2024-10-17
4634,West,CO,Standard,2022-10-19
4635,Midwest,IL,Standard,2023-06-09
4636,West,CA,Standard,2024-10-05
4637,Northeast,MA,Standard,2024-01-31
4638,Northeast,NY,Standard,2024-09-14
4639,Southwest,TX,Standard,2024-01-04
4640,West,NV,Standard,2022-03-08
4641,Northeast,NJ,Standard,2022-02-22
4642,Southeast,VA,Standard,2024-03-01
4643,West,NV,Premium,2024-05-14
4644,Southwest,OK,Standard,2024-09-19
4645,West,CA,Standard,2024-01-30
4646,West,CA,Standard,2023-10-21
4647,Northeast,PA,Standard,2023-06-22
4648,Southwest,TX,Standard,2024-07-27
4649,Midwest,OH,Standard,2023-02-23
4650,Midwest,MN,Standard,2023-01-24
4651,Northeast,PA,Standard,2024-02-11
4652,West,OR,Premium,2023-10-22
4653,Southwest,TX,Premium,2024-01-16
4654,West,CO,Standard,2023-10-30
4655,Northeast,MA,Premium,2022-01-31
4656,Northeast,NY,Premium,2023-07-03
4657,Southeast,FL,Premium,2024-03-13
4658,Midwest,WI,Standard,2024-10-17
4659,West,NV,Standard,2024-07-28
4660,Midwest,MN,Premium,2024-02-15
4661,Northeast,CT,Premium,2024-04-30
4662,Southeast,FL,Premium,2022-06-10
4663,West,CA,Standard,2022-03-23
4664,Midwest,WI,Standard,2023-11-24
4665,Southeast,NC,Premium,2023-02-08
4666,Southwest,NM,Premium,2022-09-17
4667,Southeast,VA,Standard,2022-02-06
4668,Midwest,OH,VIP,2022-08-08
4669,Southeast,FL,Standard,2023-09-01
4670,Southwest,TX,Standard,2023-05-20
4671,Midwest,IL,Standard,2023-05-14
4672,Midwest,WI,Standard,2022-02-23
4673,West,OR,Standard,2023-07-27
4674,Southeast,TN,Standard,2022-06-07
4675,Northeast,NJ,Premium,2023-01-16
4676,West,NV,Standard,2024-03-02
4677,Northeast,NY,Standard,2024-02-16
4678,Northeast,NJ,Standard,2024-09-28
4679,Midwest,IL,VIP,2023-12-13
4680,Northeast,NJ,Premium,2022-06-16
4681,Southwest,OK,Standard,2024-02-18
4682,Southwest,TX,Premium,2023-02-22
4683,Midwest,MI,Standard,2023-11-18
4684,Southeast,GA,Standard,2022-10-04
4685,Southeast,GA,VIP,2024-11-06
4686,Southwest,TX,Premium,2024-04-27
4687,Southeast,FL,Standard,2024-08-19
4688,West,WA,VIP,2024-11-09
4689,Southwest,OK,Premium,2024-05-09
4690,Northeast,MA,Standard,2024-10-29
4691,Southeast,NC,Premium,2022-01-17
4692,West,WA,Standard,2024-03-15
4693,West,WA,Standard,2023-01-20
4694,Southeast,FL,Premium,2022-10-13
4695,Northeast,NY,Premium,2023-04-23
4696,Northeast,CT,VIP,2022-07-01
4697,Northeast,CT,Standard,2022-06-23
4698,Southeast,FL,Standard,2023-06-10
4699,Southwest,NM,Standard,2024-02-16
4700,Midwest,WI,Standard,2023-03-26
4701,Northeast,PA,Standard,2022-02-20
4702,West,CO,Premium,2022-10-23
4703,Midwest,WI,Standard,2023-09-22
4704,Southeast,TN,Standard,2024-03-04
4705,Midwest,IL,Standard,2024-04-15
4706,Southwest,NM,Standard,2023-10-14
4707,Northeast,PA,Standard,2024-11-07
4708,Northeast,PA,Standard,2022-04-23
4709,Midwest,OH,Standard,2024-11-30
4710,Southwest,NM,Standard,2023-09-28
4711,Southeast,FL,Standard,2023-09-14
4712,Midwest,OH,Standard,2024-06-21
4713,Southwest,OK,Standard,2022-09-23
4714,Southeast,TN,VIP,2022-05-20
4715,Northeast,PA,Standard,2023-10-31
4716,Southeast,GA,VIP,2024-10-30
4717,Southeast,GA,VIP,2023-05-18
4718,Northeast,MA,Standard,2024-01-06
4719,West,CA,Standard,2022-10-22
4720,Midwest,MN,Standard,2023-11-18
4721,West,CA,Premium,2022-09-15
4722,Southwest,AZ,Standard,2024-05-21
4723,Northeast,NJ,Standard,2023-01-28
4724,Southwest,OK,Premium,2023-05-15
4725,Northeast,PA,Standard,2022-02-28
4726,Midwest,MN,Standard,2023-03-05
4727,Midwest,OH,Premium,2022-01-09
4728,Northeast,NJ,Standard,2024-08-19
4729,Southwest,NM,VIP,2023-11-03
4730,Midwest,WI,Standard,2023-08-14
4731,Northeast,NY,Standard,2023-08-23
4732,West,WA,Standard,2022-06-16
4733,West,CO,Premium,2023-09-23
4734,Southwest,AZ,Standard,2022-02-19
4735,West,CA,Standard,2022-01-09
4736,Northeast,MA,Standard,2022-01-23
4737,Northeast,NY,Standard,2022-06-28
4738,Southeast,VA,Premium,2022-12-21
4739,Northeast,PA,Standard,2023-08-05
4740,West,WA,VIP,2023-03-07
4741,Southwest,NM,Standard,2022-03-04
4742,Southeast,NC,Standard,2023-01-04
4743,Southeast,FL,Standard,2023-09-26
4744,Midwest,MN,VIP,2022-11-20
4745,Southeast,TN,Standard,2022-08-19
4746,Southeast,VA,Standard,2024-10-01
4747,Northeast,NY,Premium,2024-04-28
4748,Southeast,FL,Premium,2022-07-02
4749,Northeast,NY,Premium,2024-04-06
4750,Midwest,OH,Standard,2022-02-02
4751,Northeast,NY,Premium,2024-02-17
4752,Southwest,NM,Standard,2023-02-12
4753,Midwest,WI,Standard,2022-12-02
4754,Southeast,FL,VIP,2022-05-28
4755,West,NV,Standard,2022-03-16
4756,Southeast,FL,Premium,2022-12-17
4757,West,NV,Standard,2024-11-18
4758,Southeast,VA,Standard,2023-01-29
4759,Midwest,IL,Standard,2024-11-09
4760,Northeast,MA,Standard,2023-12-04
4761,Northeast,PA,Standard,2022-08-06
4762,Midwest,IL,Premium,2022-07-18
4763,Northeast,MA,Standard,2024-03-03
4764,Northeast,PA,Standard,2023-05-12
4765,West,CO,Standard,2023-03-08
4766,Midwest,MI,Standard,2023-08-21
4767,Southwest,NM,VIP,2022-09-17
4768,Northeast,MA,Standard,2023-07-13
4769,Northeast,PA,Premium,2024-08-17
4770,Southeast,TN,Standard,2022-06-03
4771,Southeast,NC,VIP,2024-06-20
4772,Southwest,OK,Standard,2022-12-07
4773,West,CO,Standard,2022-03-09
4774,Midwest,OH,Standard,2022-10-26
4775,West,OR,VIP,2024-07-03
4776,Midwest,MI,Premium,2023-07-11
4777,Southwest,TX,Standard,2023-10-11
4778,Northeast,NJ,Standard,2023-08-28
4779,Northeast,MA,Standard,2024-11-13
4780,West,WA,Standard,2024-07-18
4781,Northeast,NJ,Premium,2024-09-24
4782,Midwest,WI,Standard,2024-08-31
4783,Midwest,MN,Standard,2022-05-31
4784,Southeast,GA,Premium,2024-12-28
4785,Midwest,MN,Premium,2024-05-19
4786,Southeast,VA,Premium,2024-06-28
4787,West,CO,Premium,2024-09-13
4788,Northeast,NJ,Standard,2023-02-21
4789,Northeast,NY,Standard,2022-11-06
4790,Midwest,IL,Premium,2024-06-22
4791,Midwest,MI,Standard,2024-04-21
4792,Southeast,TN,VIP,2023-09-21
4793,Northeast,CT,VIP,2024-12-13
4794,Midwest,MN,VIP,2022-10-29
4795,Northeast,PA,Standard,2024-02-18
4796,Midwest,MN,Standard,2023-11-13
4797,Northeast,NY,Standard,2022-06-24
4798,Midwest,OH,Standard,2023-07-24
4799,Southeast,VA,Premium,2023-02-02
4800,West,CA,Standard,2023-09-30
4801,Southwest,OK,Standard,2023-02-05
4802,Northeast,NY,Standard,2023-10-31
4803,West,WA,Standard,2023-04-18
4804,Southeast,FL,Standard,2022-06-12
4805,Northeast,NJ,VIP,2024-12-14
4806,Northeast,NJ,Premium,2023-06-28
4807,Southwest,TX,Premium,2022-12-25
4808,Southwest,NM,Standard,2023-05-04
4809,West,NV,Standard,2024-02-21
4810,Northeast,MA,Premium,2023-04-08
4811,Southwest,TX,Premium,2024-05-07
4812,Southwest,TX,VIP,2024-11-24
4813,Southeast,NC,Standard,2024-01-30
4814,West,CO,Standard,2023-09-14
4815,Midwest,OH,Standard,2023-02-18
4816,Southwest,AZ,Premium,2024-10-03
4817,Northeast,NY,VIP,2023-10-19
4818,Midwest,MN,Premium,2022-06-29
4819,West,CO,Standard,2022-09-04
4820,Southeast,NC,Standard,2024-04-21
4821,Southwest,OK,VIP,2022-05-22
4822,Northeast,PA,VIP,2024-06-16
4823,Northeast,PA,Premium,2023-02-02
4824,Northeast,NY,Premium,2022-11-06
4825,Northeast,MA,Premium,2022-09-07
4826,Northeast,NY,Standard,2022-01-27
4827,Southeast,NC,Standard,2024-01-06
4828,West,NV,Standard,2022-08-18
4829,Southwest,TX,Premium,2024-05-09
4830,Southeast,VA,Premium,2022-12-16
4831,Northeast,CT,Standard,2022-07-02
4832,Northeast,NJ,VIP,2023-04-30
4833,Northeast,CT,Standard,2022-11-15
4834,Southwest,NM,Standard,2022-03-12
4835,Northeast,PA,Standard,2022-03-15
4836,Southwest,NM,Standard,2024-01-19
4837,West,WA,Standard,2024-04-18
4838,Southeast,TN,Standard,2022-03-29
4839,West,NV,Premium,2023-12-22
4840,Midwest,OH,Standard,2022-06-20
4841,Southeast,TN,Premium,2022-08-28
4842,Northeast,PA,Standard,2023-01-15
4843,Northeast,MA,VIP,2022-10-17
4844,Northeast,PA,Standard,2022-04-09
4845,Southeast,NC,VIP,2024-06-26
4846,Northeast,NY,Standard,2022-05-26
4847,Southeast,TN,Premium,2022-03-31
4848,Southwest,NM,Standard,2024-03-27
4849,Southwest,AZ,Standard,2023-01-22
4850,Southeast,FL,Standard,2024-08-30
4851,Midwest,WI,Standard,2023-02-02
4852,West,NV,Standard,2023-04-02
4853,Southwest,TX,Standard,2024-12-29
4854,Southwest,AZ,Premium,2023-01-07
4855,Southeast,TN,Standard,2022-10-09
4856,Southeast,VA,Standard,2022-12-10
4857,Southwest,OK,Standard,2023-02-03
4858,Midwest,MI,VIP,2022-11-23
4859,West,WA,Standard,2023-08-19
4860,Midwest,IL,Premium,2023-07-08
4861,West,NV,Premium,2024-11-13
4862,Southeast,NC,Standard,2022-03-06
4863,Southeast,GA,Standard,2023-11-19
4864,Northeast,CT,Standard,2022-05-21
4865,Northeast,CT,Standard,2024-09-26
4866,Midwest,IL,Standard,2024-10-28
4867,Southeast,GA,Standard,2022-03-06
4868,Midwest,OH,Standard,2024-11-02
4869,Northeast,NJ,Premium,2023-10-07
4870,Southwest,TX,Standard,2023-07-21
4871,Northeast,PA,Standard,2023-02-19
4872,Southwest,OK,Premium,2022-10-29
4873,Midwest,OH,VIP,2023-08-11
4874,Southwest,OK,Standard,2023-10-23
4875,Southeast,VA,Standard,2023-09-16
4876,Southeast,VA,Standard,2024-12-15
4877,Midwest,MI,Standard,2023-12-12
4878,Southeast,NC,Standard,2023-11-08
4879,Midwest,WI,Standard,2024-05-30
4880,Midwest,IL,Premium,2022-08-26
4881,West,CA,Standard,2022-04-04
4882,Midwest,WI,Standard,2023-03-08
4883,Midwest,OH,Standard,2024-03-06
4884,Southeast,VA,Premium,2022-01-02
4885,Southwest,AZ,Standard,2023-02-02
4886,Northeast,NY,Standard,2024-05-01
4887,Midwest,IL,VIP,2022-09-23
4888,Southwest,NM,Premium,2023-07-08
4889,Southeast,VA,Standard,2022-06-22
4890,Midwest,MN,Premium,2024-04-02
4891,Northeast,PA,Standard,2023-12-26
4892,Midwest,OH,Standard,2024-07-30
4893,Southeast,TN,Standard,2023-02-14
4894,West,WA,VIP,2022-11-09
4895,Northeast,NY,Standard,2024-07-12
4896,Midwest,WI,Premium,2023-09-23
4897,Midwest,MI,Standard,2023-09-23
4898,Southeast,NC,VIP,2023-12-23
4899,West,WA,Premium,2022-11-25
4900,Northeast,NJ,Premium,2022-06-11
4901,Midwest,OH,Premium,2024-12-19
4902,Northeast,MA,VIP,2023-04-12
4903,Northeast,CT,Premium,2023-03-20
4904,Southwest,TX,Standard,2024-12-10
4905,Northeast,NY,Standard,2023-08-21
4906,Midwest,OH,Premium,2024-06-18
4907,Southeast,TN,Standard,2022-09-12
4908,Southeast,FL,Premium,2023-05-19
4909,Midwest,IL,Standard,2024-09-15
4910,Southeast,GA,Standard,2022-01-06
4911,Northeast,MA,Standard,2023-05-14
4912,Southeast,VA,Standard,2024-07-12
4913,West,OR,Standard,2024-03-11
4914,Southwest,AZ,Standard,2023-08-23
4915,Southwest,OK,Standard,2023-05-23
4916,Midwest,MN,Standard,2024-08-23
4917,West,OR,Standard,2023-01-19
4918,West,OR,Standard,2023-10-09
4919,Southwest,OK,Premium,2024-03-05
4920,Southwest,OK,Standard,2022-06-02
4921,West,NV,Standard,2023-03-15
4922,West,OR,Standard,2022-12-28
4923,Northeast,CT,Standard,2022-11-01
4924,Midwest,MI,Standard,2022-05-29
4925,Southeast,TN,Premium,2022-11-20
4926,Southwest,OK,Premium,2022-07-24
4927,Southwest,NM,Standard,2022-03-08
4928,Midwest,MI,Standard,2023-02-05
4929,West,OR,Standard,2022-04-09
4930,Northeast,MA,Standard,2022-11-02
4931,Southeast,GA,Standard,2023-12-05
4932,Southeast,TN,Standard,2022-01-10
4933,Southeast,FL,Standard,2024-10-07
4934,Northeast,CT,Standard,2024-04-27
4935,Midwest,WI,Premium,2023-02-17
4936,Northeast,NJ,Standard,2023-04-26
4937,Midwest,IL,Standard,2024-07-05
4938,West,WA,Premium,2022-11-29
4939,Southwest,AZ,Standard,2022-12-06
4940,Southwest,OK,Standard,2024-06-24
4941,West,WA,Premium,2023-06-19
4942,Southeast,VA,Premium,2022-02-02
4943,Southeast,GA,Standard,2024-01-28
4944,Southeast,TN,VIP,2024-04-30
4945,West,OR,Premium,2024-04-11
4946,Midwest,MI,VIP,2023-03-16
4947,Midwest,MI,Standard,2022-12-26
4948,Midwest,MI,Premium,2024-07-31
4949,West,CO,Standard,2022-11-02
4950,Southwest,NM,VIP,2024-11-02
4951,Southwest,TX,Premium,2023-02-17
4952,West,NV,Premium,2024-12-20
4953,Northeast,NY,Premium,2024-10-06
4954,Northeast,PA,Standard,2023-07-19
4955,Midwest,IL,Standard,2022-01-03
4956,Midwest,MI,Premium,2023-01-29
4957,West,CO,Premium,2022-02-19
4958,Southeast,VA,Premium,2024-11-24
4959,Midwest,IL,Standard,2022-03-03
4960,Southeast,TN,Standard,2024-02-21
4961,Midwest,MN,Standard,2023-01-05
4962,Southwest,OK,Premium,2024-12-11
4963,West,OR,Premium,2022-08-03
4964,Northeast,CT,Standard,2023-07-06
4965,West,CO,Standard,2023-05-03
4966,Southwest,OK,Premium,2023-05-13
4967,Southeast,TN,Standard,2023-07-06
4968,Southeast,VA,Premium,2022-12-05
4969,Midwest,MI,Standard,2024-01-17
4970,Midwest,OH,Standard,2023-08-30
4971,Southeast,VA,Standard,2024-07-27
4972,Midwest,MN,Standard,2023-12-24
4973,Northeast,CT,Standard,2022-12-30
4974,West,NV,Standard,2024-02-14
4975,Northeast,NY,Premium,2023-10-14
4976,West,NV,VIP,2024-09-30
4977,Northeast,PA,Standard,2024-05-03
4978,West,WA,Standard,2022-07-30
4979,Northeast,PA,Premium,2023-12-14
4980,Northeast,NY,Standard,2022-06-16
4981,Southeast,VA,Premium,2024-03-17
4982,West,WA,Standard,2022-05-19
4983,Northeast,CT,Premium,2024-12-06
4984,Midwest,OH,Standard,2022-03-30
4985,Northeast,MA,Standard,2024-03-10
4986,Southeast,NC,Premium,2023-11-11
4987,West,CO,Premium,2023-04-11
4988,Midwest,MN,Standard,2022-04-27
4989,West,CA,Standard,2024-09-10
4990,Southwest,TX,Standard,2023-02-10
4991,Southeast,GA,Standard,2024-09-01
4992,Midwest,MI,Premium,2022-12-30
4993,Southwest,OK,Standard,2023-03-12
4994,West,OR,VIP,2024-08-23
4995,Midwest,IL,Standard,2024-04-14
4996,Midwest,MN,VIP,2024-01-21
4997,West,OR,Standard,2022-09-24
4998,Midwest,MI,Standard,2024-02-25
4999,Southeast,VA,Standard,2022-02-06
5000,Southeast,GA,Standard,2024-03-27
5001,Northeast,NJ,Premium,2022-04-13
5002,Midwest,OH,Standard,2024-04-26
5003,Midwest,MN,Premium,2022-04-25
5004,West,WA,Standard,2022-08-30
5005,Midwest,MN,Standard,2024-07-05
5006,Southwest,AZ,Standard,2022-04-21
5007,Southeast,GA,Standard,2024-08-12
5008,Midwest,IL,Standard,2024-01-01
5009,Southwest,NM,Premium,2024-06-18
5010,Southwest,NM,Standard,2024-10-06
5011,Midwest,IL,Standard,2024-11-04
5012,Northeast,MA,Standard,2023-04-17
5013,Southwest,TX,VIP,2023-12-07
5014,Southwest,AZ,Standard,2022-04-26
5015,Midwest,MI,Standard,2024-09-12
5016,Midwest,IL,Standard,2022-10-02
5017,Southeast,GA,Premium,2022-06-01
5018,West,NV,Standard,2024-10-06
5019,Midwest,WI,Standard,2024-04-24
5020,West,WA,Premium,2024-09-22
5021,West,CA,Standard,2022-01-01
5022,Midwest,MI,Standard,2023-12-02
5023,Southwest,AZ,Standard,2024-11-29
5024,Northeast,CT,Standard,2023-06-15
5025,Midwest,IL,Standard,2024-06-10
5026,Southeast,TN,Standard,2022-06-04
5027,Southwest,OK,Standard,2022-09-07
5028,Southeast,NC,Premium,2023-02-28
5029,West,CO,Standard,2024-02-11
5030,Southeast,NC,Standard,2024-01-04
5031,Southeast,NC,Premium,2022-05-15
5032,Southeast,VA,Standard,2023-12-24
5033,Southeast,TN,Standard,2023-06-10
5034,Northeast,CT,Standard,2024-07-19
5035,Northeast,CT,Premium,2023-12-10
5036,West,CA,Standard,2022-03-13
5037,Northeast,PA,Standard,2024-08-04
5038,Southeast,TN,Standard,2022-06-06
5039,Southwest,OK,Standard,2023-12-07
5040,Southeast,GA,Standard,2022-01-11
5041,Southeast,NC,Standard,2022-06-29
5042,Southwest,OK,Standard,2024-10-20
5043,Southeast,VA,Standard,2023-07-11
5044,Midwest,IL,Standard,2024-10-17
5045,Midwest,MI,Premium,2023-12-09
5046,Midwest,WI,Premium,2023-09-12
5047,West,NV,VIP,2024-04-26
5048,West,CO,Standard,2023-07-08
5049,Northeast,NJ,Standard,2023-03-24
5050,Southeast,TN,Standard,2024-11-28
5051,West,WA,Standard,2023-09-13
5052,Southwest,NM,Standard,2024-09-30
5053,Southwest,NM,Standard,2023-07-08
5054,Northeast,NJ,Standard,2022-03-14
5055,Northeast,NJ,Standard,2022-07-02
5056,Midwest,MI,Premium,2023-06-18
5057,Southeast,GA,Standard,2022-04-19
5058,West,OR,Standard,2024-12-21
5059,Midwest,OH,Premium,2023-08-03
5060,Southwest,AZ,Premium,2024-04-02
5061,Northeast,PA,Premium,2022-08-08
5062,Southeast,TN,Standard,2023-12-26
5063,Midwest,WI,Standard,2024-10-08
5064,Northeast,NY,Standard,2023-05-19
5065,Southeast,GA,Standard,2022-09-11
5066,Northeast,NJ,Standard,2023-02-25
5067,Midwest,MI,Standard,2022-12-14
5068,Southwest,AZ,Standard,2023-09-02
5069,West,OR,Premium,2024-06-20
5070,Southwest,AZ,Premium,2023-10-15
5071,West,WA,Standard,2023-05-24
5072,Southeast,NC,Standard,2023-02-19
5073,Southwest,NM,Standard,2023-07-27
5074,Midwest,OH,Premium,2024-08-25
5075,West,CO,Standard,2022-12-31
5076,Northeast,NY,Standard,2024-10-24
5077,Midwest,WI,VIP,2023-07-27
5078,Southwest,NM,Standard,2024-01-07
5079,West,OR,Standard,2022-05-22
5080,Southeast,FL,Standard,2023-08-30
5081,Northeast,PA,Standard,2024-06-18
5082,Southwest,TX,Premium,2024-03-18
5083,West,CO,Premium,2024-02-24
5084,Midwest,WI,Standard,2024-02-22
5085,Midwest,MI,Premium,2023-02-26
5086,Southeast,VA,Premium,2024-05-01
5087,West,NV,Standard,2024-01-12
5088,Southwest,NM,Premium,2024-06-29
5089,Southwest,TX,VIP,2022-07-14
5090,Southeast,GA,Standard,2022-01-25
5091,Southeast,VA,Premium,2024-05-22
5092,Southwest,NM,VIP,2024-12-15
5093,Midwest,MI,Standard,2024-03-27
5094,Southwest,AZ,Premium,2023-08-08
5095,Southeast,FL,Standard,2022-08-14
5096,West,WA,Premium,2024-04-13
5097,Southeast,GA,Standard,2023-06-26
5098,Northeast,MA,Premium,2024-08-14
5099,West,NV,Premium,2023-06-12
5100,Midwest,WI,Premium,2024-03-17
5101,West,CA,Standard,2023-08-12
5102,Southwest,TX,VIP,2023-12-27
5103,Midwest,MN,VIP,2023-11-02
5104,West,CA,Standard,2024-02-24
5105,Midwest,IL,Standard,2022-02-16
5106,Southwest,TX,Standard,2024-12-27
5107,Northeast,NJ,Standard,2023-02-08
5108,Northeast,PA,Standard,2024-04-20
5109,Midwest,WI,Standard,2022-09-10
5110,West,NV,Standard,2023-04-02
5111,Southeast,VA,Standard,2024-11-23
5112,Midwest,WI,Standard,2023-04-07
5113,West,OR,Premium,2022-09-15
5114,West,WA,Standard,2023-07-01
5115,Southwest,TX,Standard,2023-09-28
5116,Southeast,FL,Standard,2023-03-14
5117,Southeast,GA,Standard,2024-03-16
5118,Midwest,WI,Standard,2024-09-07
5119,Midwest,MN,Standard,2024-03-09
5120,West,WA,Standard,2022-01-29
5121,West,WA,VIP,2024-12-26
5122,Midwest,OH,Standard,2023-02-28
5123,Northeast,NY,Standard,2024-08-06
5124,Southeast,TN,Standard,2022-10-29
5125,Southwest,OK,Premium,2024-01-24
5126,West,NV,Standard,2022-05-27
5127,Midwest,MI,Standard,2024-05-27
5128,West,NV,Standard,2022-08-07
5129,Midwest,OH,Standard,2023-10-09
5130,West,NV,Standard,2024-04-18
5131,Southeast,FL,Premium,2022-12-20
5132,Northeast,CT,Premium,2022-05-11
5133,Southeast,NC,VIP,2022-03-11
5134,Southwest,TX,Standard,2022-06-15
5135,Northeast,NY,Premium,2024-02-14
5136,Midwest,OH,Standard,2024-04-02
5137,Northeast,NJ,Premium,2022-02-26
5138,West,WA,Standard,2023-04-01
5139,Midwest,IL,Premium,2024-06-04
5140,West,CA,Standard,2024-05-10
5141,Southwest,AZ,Standard,2023-09-14
5142,Southeast,GA,Standard,2024-02-20
5143,Southwest,AZ,Standard,2024-08-17
5144,Midwest,OH,Standard,2023-09-15
5145,Northeast,PA,Standard,2022-06-11
5146,Northeast,MA,Standard,2024-09-16
5147,Northeast,NY,VIP,2023-08-13
5148,West,NV,Premium,2024-07-26
5149,West,CA,Standard,2023-02-09
5150,Southwest,OK,VIP,2024-11-05
5151,Midwest,MI,Standard,2023-02-03
5152,West,NV,Premium,2024-08-26
5153,Midwest,IL,Standard,2023-12-10
5154,Southeast,VA,Standard,2024-10-13
5155,Midwest,MI,Standard,2023-01-26
5156,West,WA,Standard,2023-03-06
5157,Midwest,WI,Standard,2024-12-06
5158,West,OR,Standard,2023-01-04
5159,Southwest,NM,Standard,2023-07-05
5160,West,CA,Premium,2023-03-14
5161,Southeast,FL,Standard,2024-11-24
5162,Southeast,VA,Standard,2022-12-16
5163,Northeast,MA,Standard,2022-11-17
5164,West,CA,Standard,2023-12-09
5165,West,OR,Standard,2022-06-20
5166,Midwest,WI,Standard,2022-09-20
5167,West,CA,Standard,2024-09-26
5168,Midwest,OH,Standard,2024-09-02
5169,West,NV,Standard,2024-12-30
5170,Southwest,NM,Standard,2023-02-27
5171,Southeast,FL,Standard,2023-01-22
5172,Southwest,AZ,Premium,2023-08-24
5173,Southeast,VA,Standard,2022-08-26
5174,Northeast,NJ,Standard,2022-07-25
5175,West,WA,Premium,2024-01-21
5176,Southeast,VA,Standard,2022-03-01
5177,Midwest,MN,Standard,2024-10-10
5178,Midwest,WI,Standard,2023-01-12
5179,West,OR,Standard,2022-03-18
5180,Northeast,CT,Standard,2024-10-11
5181,Midwest,MI,Standard,2022-05-06
5182,Southeast,GA,Standard,2023-04-06
5183,West,WA,Premium,2022-05-26
5184,Southwest,OK,Standard,2024-10-17
5185,Midwest,MI,Standard,2024-12-07
5186,West,WA,Standard,2022-05-10
5187,Northeast,CT,Standard,2022-10-14
5188,Northeast,MA,Premium,2022-04-01
5189,Midwest,MN,Standard,2024-02-28
5190,Southeast,VA,Standard,2022-10-26
5191,Southeast,GA,Standard,2022-09-05
5192,Southwest,TX,Standard,2022-09-19
5193,West,OR,Standard,2024-02-23
5194,Southeast,TN,Premium,2022-06-20
5195,Northeast,PA,Standard,2023-06-03
5196,West,NV,Premium,2024-01-30
5197,Northeast,NJ,Standard,2024-02-06
5198,West,CA,Premium,2023-02-23
5199,Southwest,NM,Standard,2022-10-22
5200,Midwest,IL,Standard,2024-10-02
5201,Southeast,VA,Premium,2024-04-29
5202,Midwest,MI,Standard,2023-10-23
5203,Midwest,MN,Standard,2024-01-22
5204,Southwest,NM,Standard,2024-12-28
5205,Midwest,WI,Standard,2023-10-07
5206,Northeast,MA,Standard,2022-09-06
5207,Southeast,TN,Standard,2024-08-18
5208,Southeast,FL,Premium,2023-03-23
5209,West,WA,Standard,2022-11-22
5210,Midwest,MI,VIP,2023-11-02
5211,Southeast,NC,Premium,2024-08-10
5212,Midwest,WI,Standard,2023-02-13
5213,Southwest,OK,Standard,2023-11-20
5214,Midwest,WI,Standard,2022-01-05
5215,Southeast,GA,Standard,2022-05-29
5216,Southeast,FL,Standard,2022-02-21
5217,Southeast,VA,VIP,2024-07-14
5218,Southeast,FL,Standard,2024-09-22
5219,Northeast,NJ,Standard,2024-07-03
5220,Southeast,TN,VIP,2022-07-06
5221,West,CA,Standard,2024-01-23
5222,Southeast,GA,Standard,2023-05-26
5223,Southeast,VA,Standard,2023-03-06
5224,Northeast,NJ,Standard,2023-10-31
5225,Midwest,WI,Standard,2022-01-04
5226,Southeast,TN,Standard,2023-05-16
5227,Midwest,OH,Standard,2023-08-14
5228,Southeast,NC,Premium,2022-12-27
5229,West,OR,Standard,2024-04-20
5230,Southwest,NM,Premium,2022-07-11
5231,Southeast,TN,Standard,2023-04-08
5232,Midwest,IL,Premium,2023-02-18
5233,Southeast,VA,Standard,2024-09-01
5234,Southwest,NM,Standard,2024-07-17
5235,Northeast,CT,VIP,2022-06-23
5236,Northeast,CT,VIP,2023-04-03
5237,Northeast,NJ,Standard,2022-12-17
5238,Midwest,OH,VIP,2024-09-09
5239,Southeast,GA,Standard,2022-01-05
5240,Midwest,OH,Premium,2023-02-05
5241,West,WA,Standard,2024-12-18
5242,Southwest,AZ,Standard,2023-10-07
5243,Southwest,NM,Standard,2022-04-12
5244,Southwest,NM,Standard,2024-01-25
5245,Northeast,NY,Standard,2024-09-10
5246,Midwest,WI,Standard,2022-06-21
5247,Midwest,OH,Standard,2024-06-04
5248,Southwest,NM,Standard,2022-07-26
5249,Northeast,NJ,Standard,2023-06-17
5250,Midwest,IL,Standard,2023-01-23
5251,West,CA,Standard,2024-12-14
5252,Northeast,CT,Premium,2022-11-17
5253,Midwest,MI,Standard,2024-07-28
5254,Southeast,TN,Standard,2023-03-11
5255,West,CA,Standard,2023-03-01
5256,Southwest,AZ,Standard,2024-10-17
5257,Southwest,AZ,Premium,2024-02-29
5258,West,OR,Standard,2022-06-25
5259,Midwest,MI,Standard,2023-11-16
5260,West,OR,Standard,2024-04-28
5261,West,NV,Standard,2023-04-23
5262,West,NV,Standard,2023-03-06
5263,Southeast,NC,Standard,2022-10-27
5264,West,OR,Standard,2023-10-22
5265,Midwest,OH,Premium,2024-10-19
5266,Northeast,CT,Premium,2024-04-21
5267,Southwest,TX,Standard,2023-12-18
5268,Southwest,NM,Standard,2024-07-17
5269,Southwest,NM,Standard,2022-07-09
5270,Northeast,PA,Standard,2024-11-06
5271,Southwest,NM,Premium,2024-03-11
5272,Northeast,MA,Standard,2024-06-23
5273,Southeast,GA,Standard,2024-07-20
5274,Northeast,PA,Standard,2022-04-18
5275,Northeast,NY,Standard,2022-05-17
5276,Midwest,MN,Standard,2022-08-26
5277,Northeast,MA,Premium,2024-05-30
5278,West,WA,Standard,2024-02-13
5279,West,OR,VIP,2022-04-12
5280,Southeast,NC,Standard,2024-07-11
5281,Southeast,TN,Standard,2022-07-10
5282,Northeast,NY,Standard,2022-03-03
5283,West,NV,Standard,2024-11-09
5284,Southeast,TN,VIP,2022-10-22
5285,Southwest,TX,Standard,2022-10-29
5286,West,CO,Premium,2024-06-08
5287,Southeast,GA,Standard,2022-11-05
5288,West,OR,Premium,2023-04-23
5289,Midwest,WI,Standard,2022-09-11
5290,Southwest,AZ,Standard,2024-11-09
5291,Midwest,MN,Standard,2024-05-24
5292,Midwest,IL,Premium,2023-03-30
5293,Midwest,MN,Standard,2022-03-30
5294,Northeast,NJ,Standard,2022-04-05
5295,Southwest,TX,Standard,2024-10-04
5296,Southeast,VA,Premium,2023-08-26
5297,West,OR,Standard,2024-10-13
5298,West,NV,Standard,2023-04-30
5299,West,CO,Premium,2022-11-20
5300,Southwest,TX,Premium,2023-04-12
5301,West,NV,VIP,2023-09-22
5302,Southwest,NM,Premium,2022-03-05
5303,Northeast,NY,Standard,2022-11-29
5304,Midwest,WI,Premium,2022-07-22
5305,Southeast,NC,Standard,2024-03-19
5306,West,OR,Standard,2024-04-09
5307,Southeast,GA,Standard,2022-05-29
5308,Southeast,FL,Premium,2022-11-06
5309,Northeast,NY,Standard,2022-12-25
5310,Southeast,FL,Standard,2023-08-05
5311,Southeast,VA,Standard,2022-06-14
5312,Southeast,GA,Standard,2022-05-18
5313,Southwest,OK,Standard,2022-09-16
5314,West,CO,Standard,2024-04-03
5315,Southwest,AZ,Standard,2024-07-19
5316,Southeast,FL,Standard,2024-09-23
5317,Northeast,NJ,Premium,2024-12-25
5318,West,NV,Premium,2024-09-18
5319,West,NV,Premium,2022-03-24
5320,Southeast,VA,Premium,2023-04-13
5321,Southeast,TN,Standard,2023-10-14
5322,Southeast,GA,Premium,2022-03-18
5323,Southeast,NC,Standard,2022-06-30
5324,Southeast,TN,Standard,2022-11-10
5325,Midwest,MN,Standard,2024-05-21
5326,Northeast,MA,Standard,2022-03-15
5327,Midwest,WI,VIP,2024-11-03
5328,Northeast,NJ,Standard,2023-09-24
5329,Midwest,IL,VIP,2024-08-04
5330,Northeast,PA,Standard,2023-06-27
5331,Midwest,WI,Standard,2024-08-24
5332,West,CA,Premium,2024-12-16
5333,Southeast,NC,Premium,2024-12-07
5334,Northeast,NJ,Standard,2023-05-21
5335,Northeast,PA,Standard,2023-03-25
5336,West,NV,Standard,2022-07-23
5337,Southwest,NM,Standard,2024-10-28
5338,West,OR,Standard,2024-06-29
5339,Southeast,FL,Premium,2023-07-25
5340,West,NV,Premium,2022-12-19
5341,West,CA,Premium,2023-12-21
5342,West,WA,VIP,2022-09-08
5343,Midwest,OH,Standard,2022-09-24
5344,Southeast,NC,Standard,2022-10-12
5345,Northeast,PA,Standard,2024-02-01
5346,Southwest,OK,Standard,2024-11-01
5347,Southwest,NM,Standard,2023-07-30
5348,Midwest,MN,Premium,2023-05-15
5349,West,NV,Standard,2022-06-13
5350,Southeast,NC,Standard,2022-09-03
5351,West,WA,Standard,2023-03-31
5352,West,NV,Standard,2022-09-14
5353,Northeast,CT,Premium,2022-02-14
5354,Northeast,NY,Standard,2023-06-11
5355,Southeast,NC,Premium,2024-04-22
5356,Southeast,NC,VIP,2022-03-07
5357,Southeast,VA,Standard,2024-08-08
5358,Southeast,FL,Standard,2024-08-19
5359,Midwest,MI,Standard,2022-02-21
5360,Southeast,GA,Premium,2023-02-06
5361,Southwest,NM,Standard,2023-11-05
5362,Northeast,CT,Premium,2022-03-29
5363,West,CO,Standard,2022-09-07
5364,Northeast,PA,Standard,2023-02-28
5365,Southeast,FL,Premium,2024-04-22
5366,Southeast,GA,Premium,2024-08-19
5367,Southwest,OK,Standard,2022-11-09
5368,West,WA,Standard,2022-09-23
5369,Midwest,MI,Standard,2022-01-04
5370,West,CO,Standard,2024-06-21
5371,Southeast,VA,Standard,2022-10-06
5372,West,CO,Standard,2023-07-11
5373,West,WA,Standard,2024-10-04
5374,Southwest,OK,Standard,2023-10-16
5375,Southeast,GA,Standard,2022-09-10
5376,Southwest,OK,Standard,2024-12-28
5377,West,NV,Standard,2023-12-18
5378,Midwest,MN,Premium,2023-12-02
5379,Southeast,TN,Premium,2024-04-01
5380,Northeast,CT,Standard,2024-07-02
5381,Southwest,NM,Standard,2023-02-06
5382,Southeast,FL,Standard,2024-02-16
5383,Midwest,WI,Standard,2022-01-26
5384,Midwest,IL,Premium,2024-09-09
5385,Southwest,NM,Standard,2022-08-24
5386,Midwest,WI,Premium,2022-12-29
5387,Midwest,WI,VIP,2023-01-29
5388,Northeast,NY,Standard,2022-05-21
5389,West,CA,Standard,2023-02-23
5390,West,OR,Standard,2023-07-25
5391,Southeast,FL,Standard,2022-08-28
5392,Southwest,NM,Standard,2023-06-01
5393,Northeast,CT,Premium,2022-02-06
5394,Midwest,IL,Standard,2024-09-29
5395,West,CA,Standard,2024-08-14
5396,Midwest,IL,Standard,2022-06-09
5397,Northeast,MA,Premium,2022-03-26
5398,Midwest,MN,VIP,2024-07-27
5399,Midwest,MI,Standard,2023-03-16
5400,Northeast,PA,VIP,2024-05-05
5401,Northeast,PA,Premium,2024-10-21
5402,Midwest,WI,Standard,2023-01-13
5403,Southwest,OK,Premium,2023-04-26
5404,Midwest,MN,Standard,2024-07-26
5405,Southeast,GA,VIP,2023-01-30
5406,Northeast,MA,Standard,2022-09-10
5407,West,CO,Premium,2022-12-09
5408,Midwest,MI,Standard,2022-10-26
5409,West,CO,Standard,2022-05-09
5410,Southeast,VA,Premium,2023-06-17
5411,Southwest,AZ,VIP,2024-02-16
5412,Midwest,OH,Standard,2022-05-04
5413,Southeast,GA,Standard,2022-09-02
5414,Southwest,TX,Premium,2023-01-29
5415,West,NV,Standard,2023-05-03
5416,West,CO,Standard,2024-10-11
5417,Midwest,MI,Standard,2024-07-23
5418,Midwest,IL,Standard,2023-12-17
5419,Southeast,NC,Standard,2023-10-30
5420,Southeast,VA,Standard,2023-11-09
5421,Midwest,MI,Standard,2022-11-06
5422,Southwest,OK,Standard,2022-10-14
5423,Southeast,VA,Standard,2024-10-06
5424,West,CO,Standard,2022-10-05
5425,West,CA,Standard,2022-06-11
5426,Midwest,OH,Standard,2023-07-28
5427,Northeast,CT,Premium,2024-09-16
5428,Southwest,NM,Standard,2024-09-02
5429,Midwest,IL,Standard,2024-07-13
5430,West,CO,Standard,2024-06-02
5431,Midwest,MI,Standard,2024-05-15
5432,Southeast,GA,Standard,2022-05-09
5433,Southeast,VA,Standard,2022-05-01
5434,West,CO,Standard,2024-12-01
5435,Northeast,CT,Premium,2024-05-07
5436,Northeast,NJ,Standard,2023-10-23
5437,Southeast,GA,VIP,2022-04-25
5438,Northeast,NY,Standard,2024-02-20
5439,Southwest,AZ,Premium,2022-10-06
5440,Northeast,NY,Standard,2024-12-24
5441,Southwest,OK,Premium,2024-07-28
5442,Northeast,NY,VIP,2023-11-02
5443,Northeast,NY,Premium,2024-06-15
5444,Northeast,NY,Standard,2022-11-13
5445,Northeast,PA,Standard,2023-04-05
5446,Northeast,MA,Standard,2023-02-28
5447,Midwest,OH,Premium,2024-08-31
5448,Southeast,NC,VIP,2022-01-25
5449,Midwest,OH,Premium,2022-02-09
5450,Northeast,NY,Standard,2022-02-19
5451,Midwest,MN,Standard,2022-07-23
5452,Southwest,TX,Standard,2022-05-26
5453,Northeast,MA,Standard,2023-10-11
5454,Southeast,VA,Standard,2024-01-16
5455,Southeast,NC,Standard,2023-09-07
5456,Northeast,CT,Standard,2023-10-15
5457,West,CA,Premium,2024-01-07
5458,Midwest,WI,VIP,2022-06-02
5459,Southwest,TX,Standard,2023-05-11
5460,West,WA,Premium,2022-03-19
5461,Midwest,IL,Standard,2024-07-31
5462,Midwest,OH,Premium,2023-05-29
5463,Southwest,TX,Standard,2024-11-23
5464,West,CA,Standard,2024-11-21
5465,Southwest,NM,Standard,2022-06-16
5466,Southeast,TN,Standard,2023-07-03
5467,West,WA,Premium,2022-11-19
5468,Midwest,WI,VIP,2023-04-24
5469,Midwest,OH,Standard,2022-10-29
5470,Northeast,MA,Standard,2022-02-01
5471,West,OR,VIP,2024-10-30
5472,West,NV,Standard,2023-07-06
5473,Southwest,TX,Standard,2024-11-29
5474,Southeast,TN,Premium,2024-06-28
5475,Northeast,CT,Standard,2022-05-11
5476,Northeast,CT,Standard,2022-12-28
5477,Southwest,AZ,Standard,2023-12-08
5478,Southeast,VA,Premium,2023-05-19
5479,Northeast,CT,Standard,2022-09-30
5480,Northeast,NY,Standard,2022-05-15
5481,Northeast,NY,VIP,2024-07-18
5482,West,CA,Standard,2024-01-08
5483,Northeast,PA,Standard,2022-07-07
5484,Southwest,OK,Standard,2023-02-07
5485,Northeast,MA,Standard,2022-09-24
5486,Midwest,IL,Standard,2023-08-19
5487,Southeast,VA,Standard,2024-07-17
5488,Southwest,AZ,Standard,2022-12-30
5489,West,CO,VIP,2024-01-28
5490,Southeast,VA,Standard,2024-10-04
5491,Southeast,FL,Premium,2022-04-03
5492,Midwest,MN,Standard,2024-11-23
5493,Northeast,NY,Standard,2023-09-25
5494,Southeast,TN,VIP,2022-12-08
5495,Southeast,NC,Standard,2024-05-31
5496,Midwest,MN,Standard,2024-11-14
5497,Northeast,PA,Standard,2023-05-05
5498,Midwest,MN,VIP,2023-07-04
5499,West,WA,Standard,2024-10-23
5500,Northeast,NJ,Standard,2023-07-27
5501,Southeast,GA,Standard,2024-08-07
5502,Midwest,MI,Standard,2024-12-11
5503,Southeast,TN,Standard,2024-07-15
5504,West,CA,Standard,2022-11-16
5505,Southwest,OK,Standard,2022-12-29
5506,Southeast,VA,Standard,2022-11-19
5507,West,WA,Standard,2024-04-03
5508,Southeast,TN,VIP,2024-06-18
5509,Southwest,AZ,Standard,2022-12-24
5510,Northeast,NJ,Standard,2024-07-11
5511,West,CA,Standard,2022-05-14
5512,Midwest,WI,Premium,2022-03-05
5513,Northeast,CT,Standard,2022-05-26
5514,Midwest,WI,Premium,2022-04-24
5515,West,CO,Standard,2023-10-08
5516,Northeast,NY,Premium,2024-10-19
5517,Southeast,NC,Standard,2023-02-14
5518,Northeast,MA,Premium,2022-05-18
5519,Midwest,WI,Standard,2023-06-08
5520,West,CA,Standard,2022-01-04
5521,Southeast,GA,Standard,2023-06-09
5522,Southeast,TN,Standard,2022-11-05
5523,Northeast,NJ,Premium,2023-07-14
5524,Midwest,WI,Premium,2024-05-14
5525,Southeast,NC,Standard,2022-02-09
5526,Midwest,MI,Premium,2022-08-17
5527,Southeast,TN,Standard,2023-08-08
5528,Southwest,OK,Premium,2022-11-21
5529,West,NV,VIP,2024-06-07
5530,Southeast,FL,VIP,2023-12-31
5531,Southeast,NC,VIP,2024-10-02
5532,Southeast,FL,Standard,2024-10-13
5533,Southeast,VA,Standard,2023-04-15
5534,West,CO,Standard,2024-08-22
5535,West,CA,Standard,2023-12-24
5536,Midwest,WI,Standard,2022-01-15
5537,Southeast,GA,Standard,2022-11-25
5538,Southwest,OK,Standard,2023-11-20
5539,Southwest,AZ,Standard,2023-02-08
5540,West,CO,Standard,2024-08-26
5541,Southeast,VA,Standard,2022-03-19
5542,Northeast,NY,Standard,2022-02-19
5543,Southwest,AZ,Standard,2023-07-06
5544,West,NV,Standard,2024-02-18
5545,West,WA,Premium,2023-11-08
5546,Southeast,VA,Standard,2024-02-17
5547,West,NV,Standard,2023-06-28
5548,Midwest,IL,Premium,2023-09-04
5549,Southeast,VA,Standard,2022-09-17
5550,Southeast,NC,Standard,2023-03-07
5551,Midwest,WI,Standard,2022-11-07
5552,Southwest,TX,Standard,2023-07-10
5553,West,OR,Standard,2022-01-28
5554,West,OR,Standard,2024-12-23
5555,Southwest,AZ,Premium,2022-10-25
5556,West,NV,Standard,2024-07-04
5557,West,CO,Premium,2023-11-20
5558,Midwest,WI,Standard,2022-06-08
5559,Southeast,VA,Standard,2022-04-07
5560,West,CA,VIP,2023-01-04
5561,Southwest,NM,Premium,2022-06-18
5562,Northeast,PA,Standard,2022-10-03
5563,West,CO,Standard,2024-03-02
5564,Midwest,MN,Standard,2022-03-14
5565,Southeast,FL,Premium,2024-09-26
5566,Northeast,NJ,Standard,2024-01-03
5567,Midwest,OH,Standard,2024-04-15
5568,Northeast,CT,Standard,2024-06-20
5569,Southeast,TN,Premium,2023-02-16
5570,Southwest,OK,Premium,2022-03-22
5571,Northeast,PA,VIP,2022-03-23
5572,Northeast,CT,Premium,2022-10-07
5573,Southwest,OK,Standard,2022-08-04
5574,Southeast,FL,Standard,2024-05-04
5575,West,NV,Standard,2024-02-20
5576,Midwest,MI,Premium,2024-09-10
5577,Northeast,CT,Premium,2022-05-21
5578,Southeast,TN,Premium,2022-08-27
5579,Northeast,NY,Standard,2023-12-26
5580,Northeast,NY,Standard,2024-02-14
5581,Midwest,IL,VIP,2023-01-29
5582,Southeast,TN,Premium,2024-08-11
5583,Northeast,PA,Premium,2022-05-15
5584,Southwest,NM,Standard,2023-08-27
5585,West,CO,Premium,2022-12-17
5586,Midwest,OH,VIP,2024-02-13
5587,Northeast,NY,Standard,2023-11-28
5588,Southeast,NC,Standard,2022-05-26
5589,Southeast,TN,Standard,2022-09-24
5590,Northeast,NY,Standard,2022-03-08
5591,Midwest,MI,Premium,2024-10-25
5592,Midwest,IL,Standard,2022-03-21
5593,West,CO,Standard,2023-12-31
5594,Southwest,AZ,Standard,2022-02-04
5595,Northeast,NY,Standard,2024-05-06
5596,Northeast,NJ,Premium,2023-03-23
5597,Midwest,OH,Standard,2022-03-14
5598,Northeast,PA,Standard,2023-10-02
5599,Southeast,TN,Premium,2022-01-18
5600,Southwest,TX,VIP,2023-09-29
5601,Northeast,NJ,Premium,2022-11-05
5602,Southwest,NM,Premium,2024-02-23
5603,Southeast,NC,Standard,2022-10-30
5604,Southeast,NC,Standard,2024-03-19
5605,West,OR,Standard,2023-12-11
5606,Southwest,TX,Premium,2023-03-17
5607,West,OR,Standard,2024-05-07
5608,Northeast,PA,Standard,2023-10-23
5609,Southwest,TX,Premium,2022-02-25
5610,Midwest,IL,Premium,2024-10-13
5611,Southwest,TX,Standard,2024-06-07
5612,Southwest,AZ,Premium,2024-12-27
5613,Northeast,MA,Standard,2022-08-26
5614,Southeast,FL,Standard,2022-12-22
5615,Midwest,OH,Standard,2024-08-04
5616,Southwest,OK,Standard,2022-05-16
5617,Northeast,NJ,Premium,2022-02-23
5618,Southwest,TX,Premium,2024-02-08
5619,Southwest,AZ,Standard,2022-11-14
5620,Southeast,NC,Standard,2022-01-13
5621,Southeast,NC,Premium,2022-10-27
5622,West,OR,Standard,2024-06-04
5623,Northeast,NY,Premium,2024-03-02
5624,Northeast,MA,Standard,2022-05-11
5625,Southeast,TN,Standard,2022-04-10
5626,Southwest,NM,Premium,2024-08-15
5627,Northeast,MA,Standard,2024-02-13
5628,West,WA,Standard,2023-02-05
5629,Northeast,PA,Standard,2023-09-17
5630,Midwest,WI,Premium,2024-01-13
5631,Southeast,FL,Standard,2022-05-23
5632,Northeast,NY,Standard,2022-10-18
5633,Northeast,NJ,Premium,2022-08-10
5634,Southwest,NM,Standard,2022-07-09
5635,West,CA,Standard,2023-01-21
5636,Midwest,MN,VIP,2022-07-18
5637,Northeast,MA,Premium,2023-01-06
5638,Midwest,IL,Standard,2022-09-29
5639,Northeast,PA,Standard,2024-04-02
5640,West,CO,Standard,2023-02-13
5641,West,WA,Standard,2023-07-07
5642,Northeast,CT,Premium,2024-12-01
5643,Midwest,MI,Premium,2023-08-24
5644,Northeast,CT,Standard,2022-01-29
5645,Midwest,OH,Standard,2022-10-19
5646,West,OR,Premium,2023-10-26
5647,West,NV,Premium,2024-05-03
5648,Southeast,NC,Standard,2022-12-08
5649,Southeast,TN,Standard,2022-07-27
5650,West,OR,Standard,2023-04-20
5651,Southeast,GA,Standard,2022-05-22
5652,Southwest,OK,Standard,2024-05-25
5653,Northeast,CT,Standard,2023-12-29
5654,Northeast,MA,Standard,2024-05-30
5655,Southwest,AZ,Standard,2022-07-03
5656,Southwest,TX,VIP,2023-01-12
5657,West,NV,Standard,2023-12-22
5658,West,NV,Premium,2023-07-15
5659,West,CO,Standard,2022-09-29
5660,West,NV,Standard,2024-01-22
5661,Northeast,PA,Standard,2023-08-28
5662,Midwest,MN,Premium,2024-01-24
5663,Northeast,NJ,Standard,2024-08-29
5664,Southeast,TN,Premium,2023-10-22
5665,Midwest,MN,Standard,2022-03-10
5666,West,OR,Standard,2023-11-17
5667,Midwest,OH,Premium,2024-01-04
5668,West,WA,Standard,2022-11-19
5669,Midwest,MI,Standard,2024-08-02
5670,Southeast,NC,Standard,2022-08-20
5671,Southwest,AZ,Standard,2024-08-10
5672,Northeast,NJ,Standard,2023-08-28
5673,Southeast,TN,Standard,2023-07-24
5674,Northeast,MA,Standard,2022-05-01
5675,West,CA,Premium,2022-01-25
5676,Southwest,TX,Premium,2024-03-02
5677,Midwest,OH,Standard,2023-08-02
5678,Southeast,TN,Standard,2024-11-18
5679,West,NV,Standard,2024-09-13
5680,Southeast,FL,Premium,2024-04-11
5681,Southwest,TX,Standard,2024-12-27
5682,Northeast,CT,Premium,2022-08-09
5683,Midwest,MI,Standard,2022-06-13
5684,West,NV,Standard,2023-09-04
5685,Southeast,VA,Premium,2023-06-14
5686,Southeast,NC,Premium,2023-10-04
5687,Southwest,OK,Standard,2022-07-28
5688,Midwest,IL,Standard,2024-09-09
5689,West,OR,Premium,2022-04-10
5690,West,CA,Standard,2023-08-12
5691,Northeast,NY,Standard,2024-02-21
5692,Southeast,NC,Standard,2023-12-27
5693,Southwest,NM,Standard,2024-08-28
5694,Midwest,MN,Standard,2024-09-26
5695,Northeast,PA,Standard,2024-03-28
5696,Southeast,VA,Standard,2023-12-12
5697,West,WA,Standard,2024-12-10
5698,West,WA,Standard,2022-10-26
5699,Midwest,IL,Standard,2023-09-05
5700,Southwest,AZ,VIP,2023-11-08
5701,Northeast,NY,VIP,2024-03-16
5702,Southwest,NM,Premium,2024-11-08
5703,Southwest,OK,Standard,2024-09-01
5704,Northeast,CT,Premium,2022-12-09
5705,Northeast,CT,Standard,2022-05-04
5706,Midwest,IL,Premium,2024-01-28
5707,Southwest,AZ,Premium,2022-07-30
5708,Southeast,VA,Standard,2024-08-25
5709,Northeast,PA,VIP,2023-12-09
5710,Northeast,NY,Standard,2024-04-19
5711,Northeast,NJ,Standard,2022-08-16
5712,Southwest,TX,Premium,2023-03-08
5713,Northeast,MA,Standard,2023-11-12
5714,Southwest,TX,Standard,2022-02-12
5715,Midwest,IL,Standard,2022-09-03
5716,Midwest,IL,Standard,2024-09-23
5717,West,OR,Standard,2023-07-10
5718,Southwest,NM,Standard,2023-01-25
5719,Midwest,OH,VIP,2024-12-26
5720,Southeast,TN,Standard,2024-07-21
5721,Southeast,GA,Standard,2023-04-10
5722,Northeast,PA,Standard,2022-04-13
5723,Southeast,FL,Standard,2024-08-03
5724,Northeast,MA,Standard,2024-12-09
5725,Midwest,WI,Premium,2024-05-03
5726,Southwest,OK,VIP,2023-11-17
5727,Northeast,MA,Premium,2023-05-13
5728,West,WA,Standard,2023-10-02
5729,Northeast,NJ,Standard,2022-04-18
5730,West,WA,Standard,2024-09-07
5731,West,CA,Standard,2023-08-09
5732,Southwest,NM,Premium,2022-03-24
5733,Northeast,MA,VIP,2024-03-27
5734,Southeast,FL,Standard,2024-02-06
5735,West,WA,Premium,2022-11-19
5736,Northeast,PA,Standard,2022-02-20
5737,Northeast,PA,Standard,2022-06-17
5738,Southwest,TX,Standard,2023-11-25
5739,Northeast,NY,Standard,2022-01-08
5740,Southwest,OK,Premium,2024-03-11
5741,Southwest,OK,Standard,2023-12-02
5742,West,CA,Standard,2024-08-22
5743,Southeast,GA,Premium,2022-06-24
5744,West,NV,VIP,2024-07-16
5745,Northeast,NJ,Standard,2023-04-30
5746,Midwest,WI,Standard,2022-08-28
5747,Southwest,NM,Standard,2022-08-13
5748,Southeast,VA,Premium,2023-01-28
5749,Midwest,MI,Standard,2024-07-09
5750,West,CO,Standard,2024-07-10
5751,Midwest,WI,Standard,2024-01-03
5752,Midwest,WI,Standard,2022-09-13
5753,Northeast,NJ,Standard,2024-06-30
5754,Southeast,VA,Standard,2022-11-12
5755,Midwest,IL,Standard,2024-11-20
5756,Southwest,TX,Standard,2024-12-28
5757,West,CO,Standard,2022-10-11
5758,Southwest,OK,Premium,2023-01-15
5759,West,WA,Standard,2022-04-30
5760,Midwest,WI,Premium,2024-04-03
5761,West,CO,Standard,2024-08-05
5762,Southwest,NM,Standard,2022-10-27
5763,Midwest,MN,Standard,2022-11-10
5764,Midwest,MN,Standard,2023-08-20
5765,Southeast,TN,Standard,2023-10-26
5766,West,CA,Standard,2024-09-23
5767,Southwest,AZ,VIP,2024-04-18
5768,Southeast,FL,VIP,2023-08-23
5769,Midwest,MN,Standard,2023-05-30
5770,Southwest,AZ,Standard,2022-11-17
5771,Southeast,TN,Premium,2023-03-24
5772,Northeast,MA,Standard,2022-04-24
5773,Southeast,FL,Standard,2024-04-02
5774,Northeast,MA,Standard,2022-08-07
5775,West,NV,Standard,2023-02-04
5776,West,WA,Premium,2022-02-17
5777,Southwest,OK,VIP,2024-12-28
5778,Southwest,NM,VIP,2023-12-08
5779,Southeast,FL,Premium,2023-05-07
5780,Northeast,CT,Standard,2024-03-29
5781,West,CA,Standard,2023-01-24
5782,West,CO,Standard,2024-02-10
5783,Southeast,VA,Standard,2023-08-14
5784,Southwest,AZ,Premium,2022-05-05
5785,Southwest,AZ,Premium,2024-09-16
5786,Midwest,OH,VIP,2024-02-08
5787,Southeast,NC,Standard,2024-06-28
5788,Southwest,TX,Standard,2022-04-24
5789,Northeast,NJ,Standard,2024-06-09
5790,Southeast,VA,Standard,2022-12-31
5791,Northeast,NJ,Standard,2023-07-16
5792,Southwest,OK,VIP,2024-10-31
5793,Northeast,CT,Premium,2022-12-06
5794,Midwest,MI,Standard,2023-12-25
5795,Southwest,OK,Standard,2024-08-17
5796,Northeast,MA,VIP,2024-05-01
5797,West,CO,Standard,2023-08-02
5798,West,NV,Premium,2023-05-25
5799,Southeast,TN,Premium,2023-04-06
5800,Southwest,AZ,VIP,2023-06-18
5801,Northeast,PA,Standard,2022-11-29
5802,Southwest,AZ,Standard,2023-12-04
5803,Southeast,TN,Standard,2022-09-02
5804,Midwest,IL,VIP,2023-07-25
5805,West,NV,Standard,2023-05-31
5806,Northeast,MA,Standard,2024-04-10
5807,West,OR,Standard,2022-03-31
5808,Southwest,TX,Standard,2024-12-22
5809,Southwest,NM,Standard,2024-10-07
5810,Southwest,NM,Standard,2022-12-08
5811,West,OR,Premium,2022-07-17
5812,West,WA,VIP,2024-07-28
5813,Southwest,TX,Standard,2024-08-19
5814,West,CA,Premium,2023-07-09
5815,Midwest,MI,Standard,2023-12-16
5816,Southeast,FL,Standard,2023-08-28
5817,West,NV,Standard,2023-04-28
5818,Southeast,FL,Standard,2024-03-11
5819,West,CO,Standard,2024-07-13
5820,West,NV,Standard,2022-03-24
5821,Southwest,NM,Premium,2022-04-09
5822,Northeast,NY,Standard,2022-07-05
5823,Southeast,TN,Standard,2024-04-19
5824,Northeast,NY,Standard,2023-06-27
5825,Midwest,MN,Standard,2024-06-13
5826,Southwest,NM,Standard,2023-02-10
5827,Northeast,MA,Standard,2024-10-09
5828,Southeast,FL,Premium,2023-10-30
5829,West,CA,Standard,2023-11-22
5830,Northeast,CT,VIP,2022-03-24
5831,Midwest,OH,Standard,2024-06-02
5832,West,CO,Standard,2023-11-20
5833,Northeast,NY,Premium,2022-05-09
5834,Northeast,MA,Standard,2024-08-29
5835,Northeast,CT,Standard,2023-04-28
5836,West,CO,Standard,2023-07-17
5837,Southwest,NM,Standard,2023-04-21
5838,Southwest,NM,Premium,2024-04-22
5839,Southeast,VA,Standard,2023-05-17
5840,Southwest,AZ,Standard,2023-05-28
5841,Midwest,MN,Standard,2024-05-07
5842,West,NV,Standard,2023-12-07
5843,West,CO,Standard,2023-07-06
5844,Southeast,NC,Standard,2022-02-11
5845,Southeast,GA,Standard,2024-05-27
5846,Midwest,MI,Standard,2024-03-26
5847,Southeast,GA,Standard,2024-02-07
5848,Southeast,FL,Standard,2023-02-15
5849,Southeast,VA,Standard,2023-10-10
5850,Southwest,TX,Standard,2024-12-25
5851,West,NV,Standard,2023-02-25
5852,Midwest,OH,Standard,2024-12-05
5853,West,NV,Premium,2022-06-07
5854,Northeast,PA,Premium,2022-03-25
5855,West,CA,Standard,2023-01-08
5856,Northeast,MA,Standard,2023-05-01
5857,Midwest,MN,Standard,2023-05-19
5858,Southeast,VA,Standard,2024-10-04
5859,Midwest,MN,Standard,2023-12-06
5860,West,CO,Premium,2022-08-06
5861,Northeast,MA,Standard,2023-02-19
5862,Northeast,PA,Standard,2024-11-13
5863,Northeast,PA,Standard,2022-12-23
5864,Southeast,NC,Standard,2024-06-16
5865,Northeast,CT,VIP,2024-12-29
5866,Southeast,FL,Standard,2023-03-29
5867,West,NV,Premium,2024-05-26
5868,Southeast,TN,Standard,2023-05-19
5869,Northeast,NY,Premium,2024-09-09
5870,Midwest,MN,Standard,2023-02-11
5871,West,CO,Premium,2024-10-12
5872,West,CA,Standard,2022-05-28
5873,West,CA,Premium,2022-01-17
5874,West,NV,Standard,2023-09-05
5875,Northeast,CT,VIP,2023-07-03
5876,Southeast,GA,Standard,2023-04-02
5877,Southeast,NC,Standard,2024-08-06
5878,Southeast,NC,Standard,2024-10-03
5879,Midwest,MN,Standard,2022-05-19
5880,Southeast,FL,Standard,2022-11-15
5881,Midwest,OH,Standard,2023-11-21
5882,Southwest,TX,Standard,2023-08-12
5883,Southeast,VA,Standard,2022-11-10
5884,Northeast,MA,Standard,2023-06-20
5885,Midwest,MN,Standard,2022-11-02
5886,Midwest,MN,Standard,2023-08-10
5887,Southeast,TN,Standard,2022-08-05
5888,Midwest,OH,Standard,2023-01-09
5889,Northeast,NY,Standard,2024-05-13
5890,West,CA,Premium,2024-02-18
5891,West,NV,VIP,2024-01-29
5892,Southeast,TN,Standard,2023-03-03
5893,Southeast,FL,Standard,2023-03-01
5894,Southwest,AZ,Premium,2023-11-01
5895,Northeast,MA,Standard,2022-03-12
5896,Southeast,TN,Standard,2023-07-27
5897,Midwest,WI,Premium,2022-12-20
5898,Midwest,WI,VIP,2022-03-06
5899,Southwest,AZ,Premium,2023-09-25
5900,Southeast,VA,Standard,2023-01-20
5901,Southwest,AZ,Premium,2023-03-29
5902,Southeast,NC,Standard,2024-02-23
5903,Southwest,TX,Standard,2024-09-01
5904,West,CO,Standard,2024-05-21
5905,Midwest,OH,VIP,2024-02-16
5906,West,NV,Standard,2024-06-18
5907,West,CA,VIP,2022-02-17
5908,Midwest,IL,Standard,2022-04-11
5909,Midwest,OH,Standard,2022-04-28
5910,Southwest,NM,VIP,2024-12-11
5911,Northeast,MA,Premium,2022-09-18
5912,Southwest,TX,Standard,2022-05-17
5913,West,OR,Premium,2024-02-23
5914,Southeast,TN,Standard,2022-11-22
5915,West,CO,VIP,2024-05-30
5916,Southwest,AZ,Premium,2023-06-13
5917,West,OR,Premium,2023-06-19
5918,Southwest,AZ,Standard,2022-05-06
5919,West,CA,Standard,2022-05-07
5920,Northeast,NJ,Premium,2023-12-09
5921,Northeast,PA,Standard,2023-02-09
5922,Northeast,PA,Standard,2024-05-29
5923,Southeast,FL,Standard,2024-04-14
5924,Southeast,TN,Standard,2024-12-14
5925,Southeast,GA,Standard,2024-06-05
5926,Southeast,GA,Standard,2024-12-09
5927,Northeast,MA,Standard,2022-03-31
5928,Northeast,PA,Standard,2022-01-19
5929,West,OR,Standard,2023-04-10
5930,West,NV,VIP,2024-11-07
5931,West,CA,Standard,2022-02-14
5932,Southeast,TN,Standard,2023-05-19
5933,Southwest,TX,Premium,2022-03-08
5934,West,OR,Standard,2024-04-17
5935,Northeast,CT,Standard,2024-09-22
5936,Southeast,GA,Standard,2023-04-25
5937,Northeast,PA,Standard,2023-07-30
5938,Midwest,MN,VIP,2024-04-07
5939,Southwest,OK,Standard,2023-06-13
5940,Midwest,MN,Standard,2022-02-13
5941,West,NV,Standard,2022-06-09
5942,Southeast,TN,Standard,2022-09-28
5943,West,NV,Standard,2024-12-03
5944,Northeast,PA,VIP,2022-08-22
5945,Northeast,MA,Standard,2023-10-27
5946,Southwest,AZ,Standard,2023-07-07
5947,Midwest,WI,Premium,2022-07-31
5948,Southeast,FL,Standard,2024-12-05
5949,Southwest,AZ,Standard,2024-06-11
5950,West,NV,Standard,2022-09-26
5951,Southwest,TX,Standard,2024-11-25
5952,Northeast,NY,Standard,2024-09-01
5953,Midwest,OH,Standard,2023-12-31
5954,West,CO,Standard,2023-04-20
5955,Northeast,NJ,Standard,2022-04-11
5956,Northeast,NY,Standard,2024-06-17
5957,West,OR,Standard,2022-12-15
5958,Southeast,VA,Standard,2024-09-12
5959,Southwest,OK,VIP,2023-04-14
5960,Midwest,IL,Standard,2022-09-01
5961,Southwest,OK,Standard,2023-09-16
5962,Southeast,TN,VIP,2024-04-01
5963,Southeast,VA,Standard,2024-07-22
5964,Southwest,OK,Premium,2022-04-09
5965,Northeast,NY,Standard,2022-06-13
5966,Southeast,NC,Standard,2024-11-21
5967,Northeast,CT,Standard,2022-12-01
5968,Northeast,CT,Standard,2024-11-17
5969,Southwest,NM,Premium,2022-12-08
5970,Southeast,NC,Standard,2022-07-25
5971,Southwest,NM,Standard,2024-02-22
5972,Southwest,NM,Standard,2024-10-27
5973,Southwest,AZ,Standard,2024-10-01
5974,Southwest,TX,Premium,2024-03-29
5975,Midwest,MN,Premium,2024-12-04
5976,West,WA,Premium,2022-07-03
5977,Southeast,TN,Premium,2022-10-06
5978,West,CO,VIP,2024-03-19
5979,Southeast,GA,Standard,2024-12-12
5980,West,OR,Premium,2023-01-16
5981,West,CO,Premium,2023-05-15
5982,Northeast,CT,Premium,2022-03-17
5983,Northeast,NY,Standard,2022-04-23
5984,Midwest,MI,Standard,2024-10-27
5985,Midwest,MN,Standard,2023-09-21
5986,West,OR,Premium,2022-01-12
5987,West,CA,Standard,2024-06-15
5988,Southwest,OK,Standard,2023-12-20
5989,Southeast,NC,VIP,2023-04-12
5990,Midwest,IL,Premium,2024-03-27
5991,Northeast,CT,Standard,2022-11-04
5992,Midwest,WI,Premium,2024-02-20
5993,Midwest,MN,Premium,2023-06-17
5994,Midwest,WI,Standard,2022-09-15
5995,West,OR,Standard,2023-04-17
5996,Northeast,PA,Standard,2024-02-05
5997,Midwest,MI,Standard,2024-04-12
5998,Southeast,TN,Standard,2024-01-03
5999,Southeast,NC,Standard,2024-12-08
6000,Midwest,OH,Standard,2023-04-17
6001,Southwest,TX,Premium,2024-06-15
6002,Southwest,TX,Standard,2023-05-19
6003,Southeast,VA,Premium,2023-09-29
6004,West,CA,Standard,2022-01-18
6005,Northeast,NY,Standard,2024-02-18
6006,Southwest,TX,Standard,2023-03-11
6007,West,CO,Standard,2023-03-13
6008,Northeast,PA,Standard,2022-07-21
6009,Southeast,FL,Standard,2024-07-27
6010,West,CA,Standard,2024-05-23
6011,Northeast,MA,Premium,2022-05-27
6012,Southeast,TN,Standard,2024-01-29
6013,Southeast,TN,Standard,2024-02-27
6014,Northeast,CT,Standard,2023-04-22
6015,Northeast,MA,Premium,2022-10-07
6016,Southeast,NC,Standard,2022-08-18
6017,Southeast,TN,Standard,2022-09-02
6018,Southeast,NC,Premium,2024-01-18
6019,West,WA,Standard,2024-09-28
6020,Southwest,NM,VIP,2024-05-04
6021,Southeast,TN,Standard,2023-06-21
6022,Southeast,TN,Standard,2023-01-23
6023,Midwest,IL,Standard,2024-06-20
6024,Southeast,FL,Standard,2023-04-21
6025,Southwest,TX,Standard,2023-06-02
6026,Southwest,TX,Premium,2022-05-07
6027,Midwest,MN,Premium,2022-03-25
6028,West,CA,Standard,2023-02-19
6029,Southwest,TX,VIP,2024-04-21
6030,Southeast,GA,Standard,2022-08-03
6031,Southeast,NC,Premium,2024-09-26
6032,Northeast,NY,Standard,2022-10-07
6033,Northeast,NJ,Standard,2024-09-06
6034,West,CO,Standard,2024-02-13
6035,West,NV,Standard,2022-11-21
6036,Northeast,PA,Standard,2024-03-04
6037,West,CO,Premium,2022-01-31
6038,Midwest,MN,Premium,2024-12-28
6039,West,WA,Standard,2023-01-05
6040,Northeast,CT,Standard,2022-10-06
6041,West,OR,VIP,2022-07-31
6042,West,CO,VIP,2024-02-03
6043,Southwest,TX,VIP,2022-12-31
6044,Midwest,MI,Premium,2024-08-25
6045,West,WA,Standard,2024-01-11
6046,Midwest,OH,Standard,2024-11-19
6047,West,NV,Standard,2023-07-01
6048,Southwest,TX,Standard,2023-05-05
6049,Southwest,NM,Standard,2024-10-01
6050,Midwest,WI,Standard,2023-04-09
6051,Southwest,OK,VIP,2024-01-21
6052,West,OR,Standard,2024-02-02
6053,West,OR,Standard,2022-01-10
6054,West,OR,Premium,2023-05-10
6055,West,CA,Premium,2023-08-16
6056,Midwest,MN,Standard,2022-03-05
6057,Southeast,VA,Standard,2022-04-14
6058,Midwest,MN,Premium,2023-05-01
6059,Midwest,MN,Standard,2024-09-19
6060,Northeast,CT,Premium,2022-11-20
6061,Midwest,IL,VIP,2023-11-11
6062,West,CA,Premium,2024-05-05
6063,Southeast,TN,Standard,2024-06-20
6064,Northeast,NY,Standard,2023-12-29
6065,Northeast,PA,Standard,2022-09-18
6066,Northeast,PA,Premium,2022-10-12
6067,West,WA,Standard,2023-09-04
6068,Southwest,AZ,Standard,2023-01-14
6069,West,CA,Premium,2023-12-15
6070,Southeast,NC,Standard,2022-07-05
6071,Southeast,FL,Standard,2023-12-15
6072,West,OR,Standard,2024-06-23
6073,Northeast,NY,Premium,2023-11-12
6074,Southwest,NM,Premium,2023-12-15
6075,Northeast,NY,Standard,2023-06-17
6076,Midwest,OH,Standard,2023-07-18
6077,West,CA,VIP,2023-06-19
6078,Northeast,CT,Premium,2024-02-15
6079,Southwest,AZ,Standard,2024-08-28
6080,Southwest,AZ,Standard,2024-01-19
6081,Southeast,GA,Standard,2022-05-05
6082,Southwest,TX,Standard,2022-06-28
6083,Southwest,AZ,Standard,2024-09-13
6084,West,NV,Standard,2023-01-05
6085,West,OR,Premium,2023-01-17
6086,Southeast,TN,VIP,2023-04-14
6087,Southwest,OK,Standard,2023-11-05
6088,Northeast,NY,Standard,2023-04-21
6089,Northeast,CT,Premium,2022-07-24
6090,Southeast,GA,Standard,2024-08-17
6091,West,WA,Standard,2022-12-13
6092,Southwest,NM,Standard,2023-03-23
6093,Southeast,VA,Standard,2022-09-27
6094,Southeast,GA,Standard,2023-01-04
6095,West,NV,VIP,2022-09-25
6096,Southeast,VA,Standard,2022-08-24
6097,Southeast,NC,Standard,2022-12-18
6098,West,OR,Premium,2022-02-19
6099,Northeast,CT,Standard,2022-07-29
6100,Southeast,VA,Standard,2023-10-03
6101,Southeast,VA,Premium,2024-12-06
6102,West,NV,Standard,2022-09-19
6103,Midwest,OH,Premium,2024-09-16
6104,Northeast,PA,Premium,2022-10-04
6105,Northeast,CT,Standard,2023-01-13
6106,West,OR,Standard,2022-05-01
6107,Southeast,TN,Standard,2024-09-28
6108,Southwest,AZ,Standard,2023-07-27
6109,Northeast,NJ,Standard,2024-03-15
6110,Northeast,CT,Standard,2022-05-14
6111,Southwest,NM,VIP,2023-07-31
6112,Southeast,FL,Standard,2022-10-03
6113,West,CA,Standard,2023-12-14
6114,Southwest,AZ,Standard,2022-08-02
6115,Southeast,GA,Premium,2024-02-21
6116,Southwest,TX,Standard,2023-09-19
6117,Southwest,TX,Standard,2023-03-26
6118,Northeast,CT,Standard,2023-02-09
6119,Southeast,TN,Premium,2024-11-23
6120,Northeast,PA,Standard,2022-05-12
6121,Northeast,CT,Standard,2023-07-15
6122,Southeast,FL,Premium,2022-02-22
6123,Northeast,MA,Standard,2022-06-03
6124,Southeast,NC,Standard,2022-08-26
6125,Northeast,NJ,Standard,2023-03-18
6126,West,NV,Standard,2022-06-08
6127,Midwest,MI,Standard,2024-01-08
6128,Southeast,TN,Standard,2024-02-07
6129,West,CA,Standard,2023-10-12
6130,Southwest,NM,Standard,2022-11-30
6131,Midwest,WI,Standard,2023-11-24
6132,Northeast,MA,Standard,2024-07-03
6133,Midwest,IL,Standard,2022-02-21
6134,West,CO,Standard,2022-04-13
6135,Midwest,MI,Standard,2023-05-19
6136,Southwest,OK,Premium,2023-08-15
6137,Southeast,NC,Standard,2022-01-15
6138,Midwest,IL,Standard,2022-08-26
6139,West,NV,Standard,2022-08-20
6140,West,CO,Premium,2023-12-07
6141,Southwest,AZ,Standard,2022-01-06
6142,Southeast,NC,Standard,2022-12-19
6143,Southwest,OK,Standard,2022-02-22
6144,Southwest,TX,Standard,2024-11-29
6145,Midwest,WI,Premium,2023-03-09
6146,West,WA,Premium,2022-03-15
6147,Midwest,WI,Premium,2023-09-21
6148,Southeast,TN,Standard,2022-02-12
6149,Southeast,TN,Standard,2024-02-09
6150,West,CO,Standard,2024-04-20
6151,Midwest,OH,VIP,2022-12-13
6152,West,OR,VIP,2023-01-13
6153,Midwest,MN,Premium,2022-07-03
6154,Southwest,NM,Standard,2023-03-14
6155,Northeast,PA,Premium,2022-12-09
6156,Southwest,NM,Standard,2024-02-17
6157,Midwest,WI,Standard,2022-06-27
6158,Northeast,MA,Standard,2024-06-07
6159,Southwest,NM,Standard,2023-05-16
6160,Southwest,NM,Premium,2024-10-02
6161,Northeast,NY,Standard,2023-01-22
6162,Southwest,TX,Standard,2022-02-27
6163,Southeast,TN,VIP,2022-11-13
6164,Southwest,NM,Standard,2023-09-25
6165,West,OR,Standard,2024-03-09
6166,Northeast,NY,Standard,2022-09-07
6167,Northeast,CT,Premium,2022-05-26
6168,West,CA,Standard,2022-04-14
6169,Southeast,TN,Standard,2022-02-25
6170,West,WA,Standard,2022-03-28
6171,Midwest,OH,Standard,2024-04-07
6172,Southeast,VA,Standard,2023-05-17
6173,Southwest,NM,Standard,2022-03-05
6174,West,CA,Standard,2024-11-25
6175,Southwest,AZ,Standard,2022-08-04
6176,West,NV,Premium,2022-06-05
6177,Northeast,CT,Standard,2024-08-25
6178,West,NV,Standard,2023-12-23
6179,West,WA,Standard,2023-06-03
6180,Midwest,MI,Standard,2022-09-20
6181,Northeast,CT,Standard,2024-11-10
6182,Midwest,OH,Standard,2023-08-18
6183,West,CA,Standard,2023-11-01
6184,Southeast,VA,Standard,2024-11-23
6185,Southeast,NC,Standard,2023-09-07
6186,Midwest,WI,VIP,2023-04-04
6187,West,CO,Standard,2024-07-13
6188,West,OR,Standard,2022-01-04
6189,Southeast,GA,Standard,2023-10-28
6190,Southeast,NC,VIP,2024-01-03
6191,Midwest,MI,Premium,2024-08-19
6192,Southwest,NM,Standard,2024-02-25
6193,Northeast,NY,Premium,2023-08-24
6194,Northeast,NY,Standard,2023-09-01
6195,Southeast,VA,Standard,2023-08-18
6196,Southeast,VA,Standard,2022-07-28
6197,West,CO,Premium,2022-04-27
6198,Midwest,WI,Standard,2024-03-21
6199,Midwest,WI,Premium,2023-05-07
6200,Northeast,CT,Standard,2023-07-15
6201,Northeast,PA,Standard,2024-03-07
6202,Southwest,NM,Standard,2023-01-28
6203,Southeast,TN,Standard,2024-11-28
6204,Southwest,TX,Standard,2022-11-10
6205,Northeast,CT,Standard,2024-06-24
6206,West,CA,Standard,2024-07-11
6207,Northeast,CT,Premium,2023-09-13
6208,Southeast,NC,Standard,2023-05-19
6209,Northeast,PA,VIP,2022-07-20
6210,Southwest,TX,Standard,2024-08-29
6211,West,WA,Standard,2024-06-14
6212,Southeast,TN,VIP,2024-09-30
6213,West,WA,Premium,2024-11-24
6214,Southwest,TX,Standard,2024-04-22
6215,Southeast,GA,Premium,2024-05-08
6216,Southeast,FL,Standard,2024-03-29
6217,West,WA,Standard,2023-07-14
6218,Midwest,MN,Premium,2022-01-03
6219,Southwest,NM,Premium,2022-12-16
6220,Southwest,AZ,VIP,2024-03-25
6221,Northeast,MA,Premium,2023-01-02
6222,Southwest,TX,Standard,2023-09-07
6223,Southeast,FL,Standard,2023-05-22
6224,Northeast,PA,Premium,2022-09-16
6225,Southeast,TN,Standard,2024-09-12
6226,Midwest,MI,Standard,2023-04-02
6227,Southwest,TX,Premium,2023-06-05
6228,Southwest,OK,VIP,2024-06-24
6229,West,OR,Premium,2023-09-25
6230,Midwest,IL,Standard,2022-04-22
6231,Southeast,FL,VIP,2022-01-05
6232,West,CA,Standard,2024-02-04
6233,West,NV,Premium,2024-05-30
6234,Southeast,NC,Standard,2022-10-20
6235,Northeast,NY,Standard,2024-08-26
6236,Southeast,NC,Standard,2023-05-22
6237,West,NV,Standard,2024-08-07
6238,Southeast,FL,Standard,2024-05-09
6239,Northeast,NJ,Premium,2024-11-29
6240,West,CO,Premium,2024-09-16
6241,Northeast,NY,Standard,2024-04-11
6242,West,CA,Standard,2024-12-14
6243,Northeast,MA,VIP,2022-11-25
6244,West,CA,Premium,2024-10-15
6245,Southwest,OK,Premium,2024-04-14
6246,Southwest,AZ,Standard,2023-09-07
6247,Southeast,NC,Premium,2024-09-01
6248,Southeast,VA,Premium,2023-03-15
6249,Southeast,GA,Premium,2023-02-19
6250,Southwest,NM,VIP,2022-04-12
6251,Northeast,MA,Standard,2023-04-12
6252,Southeast,FL,VIP,2024-07-28
6253,Southeast,NC,Standard,2022-09-18
6254,Southeast,FL,Premium,2022-08-02
6255,West,CA,VIP,2023-02-24
6256,Midwest,MI,Standard,2024-11-25
6257,West,CA,Standard,2023-10-17
6258,West,CO,Standard,2022-08-18
6259,Southwest,NM,Standard,2022-08-09
6260,Southeast,GA,VIP,2024-07-23
6261,Southeast,NC,Standard,2024-01-02
6262,West,OR,Standard,2023-09-30
6263,West,OR,VIP,2023-05-12
6264,West,OR,Standard,2022-11-03
6265,West,CA,Standard,2022-04-16
6266,West,CA,Standard,2023-02-09
6267,Southeast,FL,VIP,2023-07-16
6268,Midwest,WI,Standard,2023-01-08
6269,Northeast,NJ,Standard,2022-01-07
6270,Northeast,MA,Standard,2023-08-16
6271,Southeast,VA,Premium,2023-05-12
6272,Southeast,TN,Standard,2024-02-25
6273,Midwest,MI,Standard,2022-12-18
6274,Midwest,MN,Standard,2023-05-20
6275,Midwest,IL,Standard,2024-08-20
6276,Midwest,WI,Standard,2024-01-15
6277,Southwest,AZ,Standard,2023-03-27
6278,Northeast,CT,Standard,2023-05-21
6279,Midwest,OH,VIP,2023-08-17
6280,Southeast,TN,Standard,2024-08-03
6281,West,CA,Standard,2024-12-18
6282,Southwest,OK,VIP,2022-06-27
6283,Southwest,AZ,Premium,2022-07-18
6284,Midwest,MI,Standard,2024-06-28
6285,Southeast,TN,Standard,2024-01-05
6286,Northeast,PA,Standard,2024-10-04
6287,Southwest,AZ,Premium,2023-07-20
6288,Southeast,NC,Standard,2024-11-11
6289,Southeast,GA,Standard,2024-12-17
6290,Midwest,WI,Standard,2023-06-07
6291,West,CO,Standard,2024-06-23
6292,Northeast,MA,Standard,2022-10-30
6293,Northeast,NJ,Standard,2023-03-09
6294,Southwest,OK,Standard,2023-08-20
6295,West,WA,Standard,2024-11-30
6296,Northeast,NY,Premium,2022-08-13
6297,West,OR,Standard,2022-06-06
6298,Southwest,TX,VIP,2022-06-09
6299,West,OR,Standard,2023-05-02
6300,West,OR,VIP,2024-12-21
6301,Midwest,WI,Standard,2022-11-28
6302,Northeast,CT,Standard,2022-10-09
6303,West,CA,Standard,2022-05-08
6304,Midwest,WI,Standard,2023-03-23
6305,West,CO,Standard,2024-05-07
6306,Southwest,NM,Standard,2024-04-18
6307,West,CA,Premium,2023-07-11
6308,Southeast,NC,Standard,2022-06-08
6309,Northeast,NJ,Standard,2023-08-05
6310,West,CO,Standard,2022-12-22
6311,Northeast,CT,Standard,2022-06-04
6312,Southeast,VA,Standard,2023-06-13
6313,Midwest,OH,Standard,2024-05-27
6314,Southeast,GA,Premium,2023-02-28
6315,West,OR,Standard,2022-12-27
6316,Midwest,MN,Standard,2022-09-17
6317,Southwest,AZ,Premium,2022-04-24
6318,Midwest,MN,Standard,2024-07-04
6319,Southwest,OK,Premium,2023-12-14
6320,Southwest,NM,Standard,2023-08-07
6321,Northeast,PA,Standard,2022-08-15
6322,Southeast,TN,Premium,2022-12-24
6323,Midwest,OH,VIP,2024-12-28
6324,West,CO,Standard,2023-08-08
6325,Northeast,MA,Standard,2022-06-09
6326,Southeast,VA,Premium,2023-01-07
6327,Midwest,MI,Premium,2022-11-27
6328,Northeast,NJ,Premium,2023-02-19
6329,Southwest,OK,Standard,2024-04-18
6330,Midwest,OH,Standard,2022-05-31
6331,Southeast,VA,Standard,2024-08-04
6332,Midwest,MN,Standard,2023-10-05
6333,Southeast,NC,Standard,2023-01-18
6334,Southeast,VA,Premium,2024-06-26
6335,Southeast,NC,Premium,2022-08-02
6336,Midwest,OH,Standard,2022-06-02
6337,Midwest,OH,Standard,2023-07-27
6338,Southwest,NM,VIP,2022-07-16
6339,Northeast,PA,Premium,2023-12-07
6340,Northeast,MA,Premium,2022-03-08
6341,Midwest,IL,Standard,2022-10-16
6342,Southeast,VA,Premium,2023-04-30
6343,Southwest,OK,Standard,2023-03-10
6344,Northeast,MA,Standard,2023-11-08
6345,Southwest,OK,Standard,2023-01-28
6346,Southeast,TN,Standard,2022-05-17
6347,Midwest,MI,Standard,2023-09-02
6348,West,CA,Standard,2022-08-18
6349,Southeast,VA,Premium,2024-04-05
6350,West,NV,Standard,2024-10-17
6351,Northeast,CT,Standard,2022-12-21
6352,West,OR,Standard,2022-01-09
6353,Midwest,MI,Standard,2023-01-06
6354,Southeast,FL,Standard,2022-12-28
6355,Northeast,PA,Standard,2022-02-28
6356,Southeast,GA,Standard,2024-02-05
6357,Southwest,TX,Standard,2024-06-13
6358,Northeast,CT,Standard,2024-05-05
6359,Northeast,CT,Premium,2023-06-12
6360,Southeast,TN,Standard,2024-05-23
6361,West,OR,Premium,2024-09-10
6362,Southwest,NM,Standard,2024-05-08
6363,Southwest,OK,Standard,2024-04-02
6364,West,WA,Standard,2023-05-04
6365,Midwest,OH,Standard,2023-12-19
6366,Midwest,IL,Standard,2023-04-21
6367,Northeast,NY,Premium,2023-04-28
6368,Midwest,WI,Standard,2024-12-19
6369,Midwest,IL,Standard,2022-10-29
6370,West,CO,VIP,2023-10-25
6371,West,NV,Premium,2023-05-25
6372,Northeast,NY,Standard,2022-10-16
6373,Midwest,WI,Standard,2023-03-24
6374,Northeast,PA,Standard,2024-06-09
6375,Southwest,AZ,Standard,2023-11-28
6376,Southwest,AZ,Standard,2024-12-02
6377,Midwest,OH,Standard,2023-11-03
6378,Midwest,IL,Standard,2024-02-16
6379,Midwest,WI,Standard,2024-01-24
6380,Southeast,VA,Standard,2024-04-25
6381,Southeast,VA,Standard,2023-04-05
6382,Southeast,TN,Standard,2022-12-23
6383,Midwest,WI,Standard,2022-08-16
6384,West,NV,Standard,2022-12-19
6385,Southwest,AZ,Standard,2023-12-19
6386,Northeast,PA,Standard,2024-11-14
6387,Midwest,OH,Standard,2024-12-27
6388,Southeast,FL,Standard,2023-10-30
6389,West,WA,Standard,2022-06-25
6390,Southeast,TN,Standard,2022-10-26
6391,Northeast,NY,Standard,2022-03-11
6392,Southwest,NM,Premium,2022-02-04
6393,Midwest,MN,Premium,2022-04-07
6394,Southwest,AZ,Premium,2023-07-20
6395,Northeast,CT,VIP,2022-04-08
6396,Midwest,WI,Standard,2023-09-29
6397,West,WA,Standard,2024-03-30
6398,Northeast,CT,Standard,2024-12-13
6399,West,NV,VIP,2022-05-01
6400,Northeast,PA,Standard,2023-01-04
6401,Northeast,NJ,Standard,2022-05-22
6402,Southeast,FL,Standard,2023-10-23
6403,West,NV,Standard,2023-10-28
6404,Southeast,GA,Premium,2023-08-28
6405,Northeast,PA,Premium,2022-11-29
6406,Midwest,MI,Standard,2022-09-02
6407,Northeast,NJ,Standard,2024-06-18
6408,Northeast,PA,Standard,2023-11-16
6409,Midwest,MI,Standard,2022-03-21
6410,Midwest,MN,VIP,2023-01-18
6411,West,OR,Standard,2022-05-18
6412,Northeast,NJ,Standard,2024-04-28
6413,Midwest,MN,VIP,2023-05-30
6414,West,NV,Standard,2023-03-14
6415,Southwest,AZ,Premium,2022-12-26
6416,Midwest,WI,Standard,2022-07-02
6417,Midwest,IL,Standard,2023-09-26
6418,Northeast,NJ,Standard,2023-09-11
6419,West,NV,Premium,2022-01-22
6420,Midwest,MI,Standard,2024-04-30
6421,Northeast,PA,Standard,2024-07-04
6422,West,OR,VIP,2023-10-15
6423,West,WA,Standard,2024-11-22
6424,West,CA,Standard,2022-03-27
6425,West,OR,Standard,2024-07-10
6426,Southwest,TX,Standard,2022-11-07
6427,Southwest,AZ,VIP,2023-04-19
6428,Southwest,NM,Premium,2023-07-06
6429,Northeast,CT,Standard,2024-12-10
6430,Southwest,OK,Premium,2024-11-15
6431,West,OR,Standard,2023-08-20
6432,Midwest,IL,Standard,2023-01-25
6433,Northeast,MA,Standard,2024-07-28
6434,West,NV,Standard,2024-05-30
6435,Southeast,NC,Premium,2023-09-05
6436,West,CO,Standard,2022-08-07
6437,Southeast,VA,Standard,2023-03-05
6438,West,WA,Standard,2024-11-08
6439,Southwest,TX,Standard,2024-03-05
6440,Southeast,NC,Standard,2023-08-02
6441,Southwest,OK,Standard,2024-10-13
6442,Northeast,NJ,Standard,2024-09-13
6443,West,OR,Standard,2024-01-03
6444,West,OR,Standard,2023-09-09
6445,Southeast,FL,Standard,2022-02-01
6446,Southwest,AZ,Standard,2022-06-25
6447,Northeast,CT,Standard,2023-04-27
6448,Northeast,CT,Standard,2024-04-01
6449,Midwest,IL,Standard,2024-07-03
6450,Midwest,WI,Standard,2022-03-10
6451,Southeast,FL,Standard,2022-02-28
6452,Southwest,NM,Standard,2024-05-23
6453,Northeast,NJ,Premium,2024-08-26
6454,Northeast,CT,Standard,2023-06-07
6455,Southwest,TX,Standard,2022-04-14
6456,Midwest,MN,Standard,2023-08-04
6457,Northeast,CT,Standard,2022-10-26
6458,West,CO,Standard,2023-06-21
6459,Midwest,OH,Premium,2022-10-16
6460,West,WA,VIP,2024-10-21
6461,Midwest,OH,Standard,2022-06-16
6462,Southeast,GA,Standard,2022-02-22
6463,West,CO,Standard,2022-12-12
6464,Northeast,NJ,Standard,2023-11-01
6465,Southwest,TX,VIP,2022-03-06
6466,Southwest,NM,Premium,2022-11-11
6467,Southwest,AZ,Premium,2022-04-15
6468,West,OR,Standard,2024-01-10
6469,Midwest,WI,Standard,2022-09-11
6470,Southeast,GA,VIP,2024-02-25
6471,Southeast,GA,Premium,2023-05-06
6472,Southeast,NC,Standard,2023-12-03
6473,Northeast,CT,Standard,2022-08-03
6474,Southwest,NM,Premium,2023-02-21
6475,Northeast,NY,Premium,2023-03-17
6476,West,CA,Standard,2022-01-17
6477,Southwest,AZ,Standard,2024-05-10
6478,Midwest,IL,Standard,2022-12-09
6479,Southwest,NM,VIP,2024-11-02
6480,West,WA,Premium,2023-09-15
6481,Northeast,PA,Standard,2022-05-31
6482,Midwest,MI,Premium,2024-06-01
6483,Northeast,PA,Standard,2023-04-07
6484,Midwest,MI,Standard,2022-10-02
6485,Southwest,AZ,Premium,2022-08-02
6486,Southwest,OK,Standard,2023-07-11
6487,Midwest,MI,Standard,2022-02-27
6488,Southeast,FL,Premium,2024-05-11
6489,Midwest,IL,Standard,2024-08-06
6490,Southwest,OK,Standard,2022-03-24
6491,West,OR,Premium,2024-12-08
6492,Southwest,NM,Standard,2022-02-21
6493,Southeast,NC,Standard,2024-09-16
6494,West,WA,Premium,2023-04-27
6495,Northeast,MA,Standard,2024-06-27
6496,Southwest,TX,Standard,2023-09-01
6497,Northeast,NJ,Standard,2023-03-15
6498,West,NV,Premium,2024-02-02
6499,West,WA,Standard,2024-02-07
6500,Midwest,IL,Standard,2022-10-29
6501,Midwest,IL,Premium,2024-07-12
6502,Northeast,CT,Standard,2022-02-13
6503,Northeast,PA,Standard,2023-08-18
6504,West,OR,VIP,2024-11-01
6505,Northeast,NY,Standard,2023-07-04
6506,Midwest,OH,VIP,2023-09-06
6507,Northeast,NY,Standard,2023-11-27
6508,West,CA,Standard,2024-01-29
6509,Northeast,MA,VIP,2024-03-27
6510,Midwest,MN,Premium,2024-08-06
6511,Midwest,MI,Standard,2022-12-01
6512,Southeast,VA,VIP,2023-12-02
6513,Southeast,VA,Standard,2022-01-27
6514,Southwest,TX,VIP,2024-11-03
6515,Southwest,TX,Premium,2024-02-06
6516,Northeast,NJ,Standard,2024-07-25
6517,Midwest,OH,Standard,2022-10-01
6518,Midwest,IL,Standard,2024-04-17
6519,Southeast,TN,Standard,2024-03-07
6520,West,OR,Premium,2023-03-17
6521,Southwest,TX,Standard,2024-01-21
6522,Southeast,GA,Standard,2022-11-17
6523,Midwest,MI,Premium,2024-09-29
6524,West,CO,Standard,2022-06-05
6525,West,OR,Premium,2024-08-01
6526,Northeast,CT,VIP,2024-12-12
6527,Southeast,TN,Standard,2022-05-30
6528,Southwest,AZ,Standard,2024-09-11
6529,Southeast,GA,Standard,2023-02-24
6530,West,OR,Standard,2023-03-06
6531,West,OR,Standard,2023-09-06
6532,West,CO,Standard,2024-02-20
6533,West,NV,Premium,2022-08-01
6534,Southwest,NM,Standard,2022-05-10
6535,Southwest,NM,Standard,2023-06-23
6536,Midwest,IL,Standard,2023-01-07
6537,Northeast,PA,Standard,2023-07-23
6538,West,CO,Standard,2023-08-06
6539,Southwest,AZ,Premium,2023-08-24
6540,West,WA,Standard,2022-03-09
6541,West,CA,Premium,2023-04-04
6542,West,OR,Standard,2022-07-27
6543,West,OR,Standard,2024-10-11
6544,Southeast,NC,Standard,2022-02-28
6545,Midwest,MN,Premium,2024-08-13
6546,Northeast,CT,Standard,2023-09-09
6547,West,NV,Premium,2024-08-24
6548,Northeast,NY,Standard,2022-10-07
6549,Northeast,CT,Standard,2024-08-26
6550,Northeast,NY,VIP,2023-04-07
6551,Northeast,MA,Standard,2024-12-08
6552,Midwest,MN,Premium,2022-06-24
6553,Southwest,OK,Standard,2023-02-07
6554,West,CA,Standard,2024-07-11
6555,West,WA,Standard,2024-01-23
6556,Southwest,AZ,Standard,2022-08-09
6557,Midwest,IL,Standard,2024-11-13
6558,West,WA,Premium,2024-05-02
6559,West,OR,Standard,2024-10-19
6560,Midwest,WI,Standard,2022-06-06
6561,Southwest,TX,Premium,2022-12-24
6562,West,OR,VIP,2024-08-22
6563,Southwest,OK,Standard,2024-03-10
6564,Southwest,NM,Premium,2024-05-15
6565,Midwest,IL,Standard,2023-02-25
6566,Northeast,NY,Premium,2022-01-28
6567,Midwest,MN,Standard,2023-03-20
6568,West,WA,Standard,2024-04-14
6569,Southeast,FL,Standard,2022-02-05
6570,Midwest,OH,Premium,2022-05-05
6571,Midwest,MI,VIP,2023-12-19
6572,Southeast,GA,Standard,2024-05-06
6573,Midwest,OH,Standard,2022-02-14
6574,Southwest,OK,Standard,2024-10-06
6575,Southwest,AZ,Standard,2022-07-12
6576,Southwest,AZ,Standard,2022-08-08
6577,West,OR,Standard,2023-08-19
6578,Southwest,TX,Standard,2024-02-21
6579,West,CO,Standard,2023-01-22
6580,West,WA,Standard,2022-06-15
6581,Northeast,NJ,Premium,2023-05-20
6582,Southwest,AZ,Premium,2024-04-23
6583,Midwest,IL,Standard,2022-10-22
6584,Midwest,WI,Premium,2023-05-26
6585,Southeast,NC,Standard,2022-08-24
6586,Southwest,AZ,Standard,2022-10-26
6587,West,NV,Standard,2024-07-19
6588,Northeast,MA,Premium,2023-09-29
6589,Midwest,MI,Standard,2024-01-09
6590,Northeast,NJ,Standard,2023-10-10
6591,Southeast,NC,Premium,2023-09-27
6592,Southeast,NC,Standard,2023-06-05
6593,Southeast,FL,Premium,2024-10-04
6594,Northeast,NY,Standard,2023-04-18
6595,Northeast,CT,Standard,2023-01-21
6596,West,CA,Standard,2022-09-01
6597,Southwest,OK,Standard,2024-04-19
6598,Midwest,OH,Standard,2022-09-23
6599,West,CA,Standard,2023-12-14
6600,Southeast,TN,Premium,2023-08-28
6601,West,NV,Standard,2023-08-29
6602,Southeast,FL,Premium,2022-04-27
6603,Midwest,OH,Premium,2022-01-14
6604,West,OR,Standard,2024-11-27
6605,Northeast,MA,VIP,2022-08-27
6606,West,NV,Standard,2023-01-27
6607,Northeast,MA,Standard,2024-12-10
6608,Northeast,CT,Standard,2024-02-20
6609,Northeast,MA,Standard,2024-04-24
6610,Northeast,NY,Premium,2023-04-25
6611,Southwest,OK,Premium,2023-12-15
6612,Northeast,PA,Standard,2023-03-16
6613,Midwest,OH,Standard,2024-02-07
6614,Midwest,IL,Standard,2023-06-08
6615,Midwest,IL,Premium,2024-12-26
6616,Southeast,NC,Standard,2023-10-03
6617,West,NV,Standard,2024-01-30
6618,Midwest,OH,Standard,2024-02-07
6619,Northeast,NJ,Standard,2022-11-05
6620,West,NV,Standard,2022-01-21
6621,Southeast,FL,Standard,2022-09-20
6622,Midwest,MN,Standard,2024-07-13
6623,Midwest,OH,Premium,2024-08-11
6624,Northeast,MA,Standard,2022-06-26
6625,Midwest,WI,VIP,2022-07-20
6626,West,CO,Standard,2023-04-27
6627,West,CO,Standard,2022-11-28
6628,Midwest,WI,Standard,2024-12-03
6629,Midwest,MI,Premium,2024-07-08
6630,West,CA,Standard,2024-01-15
6631,Southeast,NC,Standard,2022-11-29
6632,Southeast,FL,Premium,2023-09-06
6633,Southeast,VA,Standard,2023-09-09
6634,Midwest,WI,Standard,2022-11-11
6635,Southwest,AZ,Standard,2023-10-17
6636,Southwest,OK,Standard,2024-07-17
6637,West,NV,Standard,2023-06-19
6638,Midwest,WI,Premium,2024-10-07
6639,Southwest,AZ,Standard,2022-07-18
6640,Midwest,MI,VIP,2023-07-05
6641,Northeast,CT,Standard,2024-03-09
6642,Southeast,FL,Standard,2022-11-24
6643,Southwest,OK,Standard,2023-10-05
6644,West,OR,Premium,2024-06-07
6645,Northeast,NJ,Standard,2024-02-01
6646,West,WA,Standard,2023-05-03
6647,West,CO,Premium,2022-11-12
6648,Southeast,NC,Standard,2024-10-28
6649,West,NV,Standard,2022-05-09
6650,West,CA,Standard,2023-07-31
6651,Northeast,NJ,Standard,2023-03-15
6652,Southeast,VA,Standard,2024-04-07
6653,Southeast,TN,Standard,2024-11-09
6654,Northeast,MA,Premium,2023-07-21
6655,Midwest,MN,Premium,2022-08-07
6656,Southwest,AZ,Standard,2022-11-02
6657,Southeast,NC,Standard,2022-03-14
6658,Southeast,TN,Premium,2024-07-06
6659,Northeast,PA,Standard,2024-12-15
6660,Southeast,NC,Premium,2024-11-06
6661,Northeast,NJ,Premium,2023-09-09
6662,Southwest,TX,Premium,2022-07-24
6663,Midwest,IL,Premium,2022-10-28
6664,West,CO,Standard,2022-08-16
6665,Midwest,IL,Standard,2022-12-06
6666,Northeast,NJ,Standard,2022-02-04
6667,Southwest,TX,Premium,2024-10-22
6668,Midwest,MI,Standard,2023-11-22
6669,Midwest,IL,VIP,2024-10-01
6670,Southeast,FL,Standard,2022-07-10
6671,Southeast,GA,Standard,2023-09-14
6672,Northeast,CT,Premium,2024-04-26
6673,Northeast,CT,Standard,2022-04-18
6674,Midwest,WI,Standard,2023-10-20
6675,Southwest,NM,Standard,2024-11-07
6676,Southeast,NC,Standard,2023-11-07
6677,Midwest,MI,Standard,2024-07-15
6678,West,OR,Standard,2022-02-10
6679,Midwest,MI,VIP,2023-08-13
6680,West,CO,Premium,2022-03-30
6681,Midwest,IL,Standard,2023-03-16
6682,Northeast,CT,Premium,2024-03-09
6683,Southeast,GA,Standard,2022-12-31
6684,Southeast,NC,VIP,2023-09-22
6685,Northeast,MA,VIP,2024-06-03
6686,Midwest,OH,Premium,2022-07-29
6687,Southwest,OK,Standard,2023-02-28
6688,Midwest,MI,Standard,2023-07-08
6689,Northeast,NY,Standard,2022-07-31
6690,Southwest,OK,VIP,2022-09-09
6691,Northeast,MA,Premium,2023-06-26
6692,Midwest,MN,Standard,2022-01-25
6693,Northeast,NY,Standard,2023-01-03
6694,Southwest,TX,Premium,2023-09-27
6695,Northeast,NJ,Standard,2022-11-19
6696,West,CA,Standard,2023-06-21
6697,West,OR,Standard,2024-03-23
6698,Southeast,GA,VIP,2023-06-07
6699,Southwest,OK,Standard,2022-12-24
6700,Southeast,TN,Premium,2024-07-03
6701,West,WA,Standard,2023-11-15
6702,Northeast,CT,Premium,2024-05-04
6703,Southwest,TX,Standard,2022-04-15
6704,Southeast,GA,Standard,2023-03-13
6705,Northeast,MA,Standard,2024-08-20
6706,Southeast,FL,VIP,2024-01-07
6707,West,CO,Standard,2023-08-01
6708,Southeast,FL,Standard,2022-06-14
6709,West,CA,Standard,2022-07-06
6710,Northeast,NY,VIP,2024-07-04
6711,Northeast,NY,Standard,2023-05-30
6712,West,CO,Standard,2024-07-22
6713,Northeast,PA,VIP,2024-02-12
6714,Southeast,FL,Premium,2024-04-24
6715,Southeast,VA,Standard,2022-01-10
6716,West,NV,Standard,2024-11-01
6717,Southwest,OK,Standard,2023-01-01
6718,Southwest,OK,Standard,2024-07-19
6719,Northeast,CT,Premium,2022-06-24
6720,Midwest,MN,Standard,2022-11-18
6721,Northeast,MA,Premium,2024-10-04
6722,Midwest,MI,Standard,2024-10-22
6723,West,WA,Standard,2022-09-02
6724,Midwest,WI,Standard,2022-04-10
6725,Northeast,PA,Standard,2022-03-08
6726,Midwest,MN,Standard,2023-08-12
6727,Southwest,OK,Standard,2023-05-04
6728,West,OR,Standard,2024-01-04
6729,Southeast,NC,Premium,2023-02-21
6730,West,NV,Standard,2024-01-13
6731,Northeast,PA,Standard,2023-12-31
6732,West,CO,Standard,2024-06-25
6733,Midwest,MI,Standard,2023-12-13
6734,Southwest,OK,Standard,2023-05-26
6735,Southwest,NM,Standard,2023-02-20
6736,Southeast,NC,Premium,2024-05-26
6737,Southeast,NC,Premium,2022-12-27
6738,Southwest,AZ,Standard,2024-12-15
6739,West,CO,Standard,2022-07-23
6740,Northeast,CT,Standard,2024-08-22
6741,Northeast,MA,Standard,2023-12-15
6742,Midwest,MI,VIP,2022-10-08
6743,Southwest,AZ,Standard,2024-11-19
6744,Southeast,NC,Standard,2023-04-05
6745,West,WA,Premium,2024-01-24
6746,West,WA,Premium,2023-01-29
6747,Northeast,NJ,Standard,2023-12-17
6748,Northeast,MA,Premium,2023-03-01
6749,Midwest,WI,Premium,2022-09-21
6750,West,NV,Standard,2024-12-19
6751,Southwest,TX,Standard,2024-10-19
6752,Northeast,NY,Premium,2022-10-21
6753,West,OR,Standard,2022-01-28
6754,Midwest,MN,Premium,2024-07-24
6755,West,NV,Standard,2022-11-29
6756,Midwest,OH,Standard,2023-02-11
6757,West,NV,Standard,2024-12-13
6758,Midwest,MI,VIP,2024-04-08
6759,Southwest,OK,Standard,2022-07-09
6760,Northeast,PA,Premium,2024-09-08
6761,Northeast,PA,VIP,2024-09-22
6762,Midwest,OH,Standard,2024-04-12
6763,West,WA,Standard,2023-12-05
6764,Midwest,IL,Standard,2023-07-30
6765,West,CO,Standard,2022-12-02
6766,West,CO,Premium,2022-12-07
6767,Northeast,CT,Standard,2022-04-12
6768,Southwest,AZ,Standard,2022-09-03
6769,Southwest,TX,Standard,2024-01-29
6770,Midwest,MN,Premium,2023-04-15
6771,Northeast,NY,Standard,2023-09-16
6772,Northeast,NJ,Standard,2023-12-14
6773,Midwest,WI,Standard,2024-05-25
6774,Northeast,PA,Standard,2024-06-06
6775,Midwest,OH,Premium,2022-08-09
6776,Northeast,NY,Standard,2023-06-16
6777,Southeast,VA,Standard,2023-01-19
6778,Northeast,NY,Premium,2022-05-14
6779,Southwest,NM,Premium,2024-03-25
6780,West,CO,Standard,2024-01-18
6781,Southwest,TX,Standard,2023-10-05
6782,Southeast,VA,Standard,2023-12-19
6783,Midwest,MN,Standard,2022-10-29
6784,West,CA,Premium,2023-08-29
6785,Southeast,GA,Premium,2024-09-04
6786,Northeast,NY,Standard,2023-04-11
6787,Southwest,NM,Standard,2024-05-04
6788,Northeast,PA,VIP,2022-07-11
6789,West,CA,Standard,2023-07-09
6790,West,WA,Standard,2023-12-17
6791,Northeast,CT,Standard,2022-04-29
6792,Southeast,TN,Standard,2024-12-28
6793,Northeast,MA,Standard,2024-01-04
6794,Southwest,TX,Standard,2023-02-25
6795,Midwest,MN,Premium,2022-02-27
6796,Southwest,OK,Standard,2022-06-13
6797,West,CO,Standard,2022-01-23
6798,Northeast,CT,Premium,2022-04-05
6799,Southeast,NC,VIP,2023-10-03
6800,Southwest,OK,VIP,2024-03-24
6801,Northeast,MA,Standard,2022-11-22
6802,Midwest,MI,Standard,2024-04-10
6803,Northeast,CT,Standard,2023-06-04
6804,Southeast,TN,Standard,2024-05-17
6805,Midwest,IL,Premium,2023-03-17
6806,Northeast,NJ,Standard,2023-04-10
6807,Midwest,WI,Standard,2022-12-05
6808,Southeast,NC,Standard,2022-04-03
6809,Southeast,TN,Standard,2022-06-20
6810,Southwest,NM,VIP,2022-06-29
6811,West,WA,Premium,2024-01-10
6812,West,CO,Premium,2024-01-05
6813,West,CA,Standard,2022-04-13
6814,Northeast,CT,Standard,2023-05-06
6815,Midwest,MN,Premium,2022-07-09
6816,Midwest,MI,Standard,2024-05-20
6817,West,NV,Standard,2023-06-18
6818,West,CO,Standard,2022-02-23
6819,Southwest,TX,VIP,2022-06-16
6820,Midwest,OH,Standard,2022-12-26
6821,Midwest,MI,VIP,2024-04-12
6822,Southeast,GA,Premium,2023-06-30
6823,West,NV,Standard,2023-02-04
6824,Midwest,MI,Standard,2023-10-24
6825,Southwest,NM,Premium,2023-11-18
6826,Southwest,NM,Standard,2023-08-12
6827,Midwest,MN,Standard,2024-12-23
6828,Southwest,AZ,Standard,2022-06-25
6829,Northeast,NJ,Standard,2024-08-08
6830,Southwest,AZ,Standard,2024-05-12
6831,Northeast,NJ,Standard,2022-09-17
6832,Northeast,NY,Standard,2022-02-10
6833,Northeast,CT,Premium,2023-06-27
6834,Southwest,TX,Premium,2023-05-16
6835,Southeast,VA,Standard,2022-12-01
6836,Midwest,WI,Standard,2024-09-09
6837,Northeast,MA,Premium,2022-08-23
6838,Northeast,CT,Premium,2024-12-01
6839,Northeast,MA,Standard,2024-10-21
6840,Northeast,MA,Premium,2022-09-12
6841,Midwest,MN,Standard,2022-07-28
6842,West,OR,Standard,2023-05-02
6843,West,OR,Premium,2023-03-01
6844,Southeast,FL,Standard,2023-09-12
6845,Southwest,NM,Premium,2022-02-08
6846,West,WA,Standard,2023-09-21
6847,Southeast,FL,Standard,2023-09-27
6848,West,CA,Premium,2022-07-05
6849,Southeast,TN,Standard,2023-01-05
6850,West,OR,Standard,2023-12-27
6851,Southeast,TN,Premium,2022-12-25
6852,Southeast,FL,Standard,2024-02-02
6853,Midwest,IL,Premium,2022-09-04
6854,West,NV,Premium,2024-01-23
6855,West,CA,Standard,2022-12-01
6856,Southwest,TX,Premium,2022-06-11
6857,Southwest,NM,Premium,2022-01-26
6858,Midwest,IL,Standard,2023-11-30
6859,Midwest,MI,VIP,2024-12-04
6860,West,OR,Standard,2024-01-11
6861,West,WA,Standard,2023-03-05
6862,West,CA,Standard,2024-02-14
6863,Southeast,GA,Premium,2023-08-06
6864,West,CO,Premium,2023-10-20
6865,Northeast,NY,Standard,2022-09-09
6866,West,CA,Standard,2024-06-17
6867,West,CO,Standard,2024-09-28
6868,West,OR,Standard,2024-12-09
6869,Northeast,MA,Standard,2022-06-16
6870,Northeast,PA,VIP,2024-08-14
6871,Midwest,WI,Standard,2024-12-06
6872,West,OR,Standard,2022-07-13
6873,West,CO,Standard,2023-10-30
6874,Midwest,MI,Premium,2023-06-18
6875,Northeast,CT,Standard,2022-11-21
6876,Southeast,VA,Standard,2022-12-22
6877,West,CO,Standard,2024-03-24
6878,Northeast,NY,Premium,2023-08-28
6879,Northeast,NJ,Standard,2022-12-20
6880,Southeast,TN,Standard,2022-10-11
6881,Northeast,CT,Premium,2024-05-02
6882,Midwest,MI,Premium,2023-02-17
6883,Southwest,OK,VIP,2024-09-02
6884,Midwest,IL,VIP,2023-08-23
6885,Midwest,IL,Standard,2022-04-17
6886,Southwest,AZ,Standard,2024-07-04
6887,Southeast,FL,VIP,2022-08-30
6888,Southeast,VA,Standard,2024-03-07
6889,Midwest,WI,Standard,2024-06-29
6890,Southwest,OK,Standard,2023-04-22
6891,West,CA,Premium,2024-08-31
6892,Southwest,NM,Standard,2022-05-28
6893,Midwest,WI,Standard,2023-09-22
6894,Southeast,FL,Standard,2023-01-11
6895,Midwest,MI,Standard,2022-02-22
6896,Midwest,OH,Standard,2023-01-14
6897,Northeast,MA,Standard,2024-10-01
6898,Northeast,PA,VIP,2024-09-27
6899,Midwest,MN,Standard,2023-10-15
6900,West,NV,Standard,2024-08-25
6901,Midwest,WI,Standard,2023-10-13
6902,Northeast,NY,VIP,2024-03-29
6903,Southeast,FL,Premium,2023-10-31
6904,Midwest,MI,Standard,2023-04-04
6905,West,OR,VIP,2023-09-25
6906,Midwest,OH,Premium,2024-04-09
6907,Northeast,PA,Standard,2022-03-30
6908,Southwest,TX,Premium,2022-01-17
6909,Southwest,OK,Standard,2022-02-07
6910,Southeast,GA,Standard,2023-08-31
6911,Southwest,TX,Standard,2024-07-17
6912,West,NV,Standard,2023-11-19
6913,Midwest,WI,Standard,2022-12-05
6914,Southeast,GA,Standard,2024-04-09
6915,West,CA,Standard,2024-08-17
6916,Midwest,MN,Standard,2024-06-21
6917,Southwest,OK,Standard,2022-12-27
6918,Southeast,VA,Standard,2022-10-02
6919,Southwest,AZ,Standard,2022-11-30
6920,West,CA,Premium,2024-08-29
6921,Northeast,CT,Standard,2022-10-08
6922,Northeast,PA,Standard,2024-12-07
6923,Southeast,TN,Standard,2024-04-28
6924,Northeast,PA,Standard,2024-03-21
6925,Northeast,NY,Standard,2024-12-06
6926,Northeast,NY,VIP,2024-10-16
6927,Southeast,FL,Standard,2024-01-31
6928,West,NV,Standard,2024-07-23
6929,Midwest,MI,Standard,2024-11-13
6930,Southwest,NM,Standard,2022-11-27
6931,West,CO,Standard,2023-12-09
6932,Southeast,TN,Standard,2023-03-29
6933,Midwest,MI,Standard,2024-07-22
6934,Midwest,MI,Standard,2022-05-26
6935,Northeast,CT,Premium,2022-05-30
6936,West,NV,VIP,2023-03-28
6937,Southwest,NM,Standard,2024-03-07
6938,West,WA,Standard,2022-11-11
6939,Southwest,OK,Standard,2022-05-21
6940,Southeast,TN,Premium,2023-09-30
6941,West,CO,Standard,2023-02-28
6942,West,CO,Standard,2022-03-10
6943,Northeast,NJ,Premium,2022-03-04
6944,Midwest,MI,Premium,2024-08-13
6945,Southeast,TN,Standard,2022-10-23
6946,Northeast,NJ,Standard,2023-06-28
6947,Northeast,NY,Standard,2022-07-09
6948,Northeast,NY,Premium,2024-04-26
6949,Southeast,VA,Standard,2023-01-27
6950,Southwest,TX,VIP,2022-02-14
6951,Northeast,CT,Standard,2023-04-23
6952,Southeast,NC,Standard,2024-12-13
6953,Midwest,MI,Premium,2022-07-30
6954,Midwest,MN,Standard,2024-09-29
6955,Midwest,MN,Premium,2022-10-26
6956,Midwest,MN,Premium,2024-03-30
6957,Southwest,NM,Premium,2024-09-07
6958,Southwest,AZ,Standard,2022-06-12
6959,Midwest,MI,VIP,2022-09-30
6960,Southeast,NC,Premium,2023-05-05
6961,Southwest,AZ,Standard,2023-09-11
6962,Northeast,CT,VIP,2024-02-09
6963,Southeast,VA,Premium,2022-12-26
6964,Southeast,GA,Standard,2024-02-09
6965,Southwest,NM,Standard,2023-09-23
6966,Southwest,TX,Standard,2024-09-06
6967,Southwest,TX,Standard,2024-04-17
6968,Midwest,MI,Premium,2024-12-03
6969,West,CO,Premium,2022-03-24
6970,West,CO,VIP,2022-12-20
6971,Midwest,OH,Standard,2023-03-26
6972,West,CA,Standard,2022-02-17
6973,Southeast,FL,Standard,2024-11-26
6974,Southwest,AZ,VIP,2023-06-04
6975,Southwest,OK,Standard,2023-03-15
6976,Southwest,AZ,Standard,2023-09-29
6977,Midwest,IL,Standard,2023-08-13
6978,Northeast,NJ,Standard,2024-03-19
6979,Southwest,TX,Standard,2023-06-05
6980,Southeast,TN,Premium,2023-06-18
6981,Northeast,NJ,Standard,2023-03-04
6982,Southwest,AZ,Standard,2024-09-07
6983,Southeast,FL,Standard,2024-05-23
6984,Southwest,NM,Standard,2022-08-15
6985,Southeast,GA,Standard,2023-09-22
6986,Northeast,PA,Premium,2023-06-23
6987,Northeast,CT,Premium,2022-11-26
6988,West,OR,Standard,2024-12-18
6989,Southeast,FL,Standard,2022-09-27
6990,Midwest,IL,Standard,2024-07-17
6991,West,NV,Standard,2024-03-21
6992,Midwest,WI,Standard,2023-05-11
6993,Southeast,TN,Premium,2024-06-28
6994,West,NV,Standard,2022-08-29
6995,Southeast,TN,Standard,2024-04-24
6996,Southeast,VA,Standard,2024-06-13
6997,West,CO,Premium,2023-03-24
6998,West,CO,Standard,2024-06-29
6999,Midwest,IL,Standard,2024-09-21
7000,West,CO,Premium,2024-03-11
7001,Midwest,MI,Standard,2022-05-12
7002,Midwest,MN,Standard,2023-02-03
7003,Southeast,GA,Premium,2024-06-21
7004,Southwest,OK,Standard,2024-06-24
7005,West,CA,Standard,2023-12-01
7006,Northeast,NJ,Standard,2022-07-24
7007,Northeast,MA,Standard,2023-11-11
7008,Midwest,MI,Standard,2022-08-26
7009,Southwest,TX,Standard,2024-04-26
7010,Southeast,NC,Standard,2022-07-13
7011,West,NV,Standard,2022-01-28
7012,Northeast,NY,Premium,2024-01-06
7013,Northeast,PA,Standard,2023-12-05
7014,West,OR,Standard,2023-06-30
7015,Midwest,MI,Premium,2023-11-24
7016,Southwest,AZ,Premium,2023-03-12
7017,West,CO,Standard,2023-03-09
7018,Northeast,MA,Standard,2023-09-06
7019,Southeast,GA,Standard,2022-10-08
7020,Southeast,TN,Standard,2022-09-15
7021,Midwest,MN,Standard,2024-11-11
7022,Northeast,PA,Standard,2022-02-01
7023,West,OR,Premium,2022-03-10
7024,Southwest,OK,Premium,2024-09-21
7025,Northeast,NJ,Standard,2023-03-24
7026,Northeast,PA,Standard,2022-07-31
7027,Northeast,CT,Standard,2023-10-15
7028,Southeast,NC,Standard,2022-02-07
7029,West,CA,Premium,2023-07-10
7030,Southwest,OK,Standard,2024-12-04
7031,Southeast,VA,VIP,2022-05-30
7032,Southwest,OK,Standard,2023-03-21
7033,West,CO,Standard,2024-09-10
7034,Southwest,TX,Standard,2022-11-03
7035,Southwest,AZ,Premium,2024-11-29
7036,Southwest,AZ,Standard,2022-11-10
7037,Southwest,AZ,VIP,2023-03-20
7038,Midwest,IL,VIP,2024-07-14
7039,Midwest,OH,Standard,2024-08-08
7040,Southwest,NM,Standard,2022-08-08
7041,Southwest,NM,Standard,2024-03-08
7042,Southeast,FL,Standard,2022-12-30
7043,Southwest,TX,Standard,2023-01-08
7044,Southwest,OK,Standard,2023-11-03
7045,Southeast,NC,Premium,2022-11-17
7046,Northeast,CT,Standard,2022-01-30
7047,Southwest,NM,Standard,2022-01-29
7048,Southeast,FL,Premium,2024-09-19
7049,Northeast,PA,Standard,2022-11-21
7050,Northeast,MA,Standard,2023-07-05
7051,West,CO,VIP,2022-09-09
7052,Southeast,GA,Premium,2024-09-25
7053,Southeast,VA,Standard,2024-10-12
7054,Southwest,TX,Standard,2022-09-24
7055,Northeast,PA,Standard,2022-03-07
7056,Southwest,OK,Standard,2024-08-21
7057,Southwest,TX,Standard,2022-07-30
7058,Midwest,IL,Standard,2024-07-12
7059,Southeast,NC,Premium,2023-03-30
7060,Midwest,WI,Standard,2022-05-22
7061,Northeast,PA,Standard,2024-12-10
7062,Northeast,MA,Standard,2023-02-12
7063,Midwest,OH,Premium,2022-06-20
7064,Southeast,TN,Standard,2023-09-29
7065,Southwest,AZ,Premium,2024-09-14
7066,Northeast,CT,Standard,2024-01-03
7067,Southwest,NM,Standard,2022-08-30
7068,Midwest,MI,Standard,2022-07-09
7069,Southeast,FL,VIP,2024-03-18
7070,West,WA,Standard,2022-06-06
7071,Southeast,VA,Standard,2022-04-19
7072,Northeast,NJ,Standard,2022-03-28
7073,Midwest,OH,VIP,2022-09-24
7074,Midwest,WI,Premium,2022-04-09
7075,Southwest,TX,Standard,2022-08-07
7076,West,WA,Standard,2022-04-29
7077,Northeast,PA,Standard,2023-11-22
7078,Southwest,NM,Standard,2023-11-30
7079,West,CA,Premium,2022-02-25
7080,West,CO,VIP,2024-08-27
7081,Northeast,CT,Premium,2022-07-18
7082,Midwest,OH,Standard,2023-06-03
7083,Northeast,PA,Premium,2024-08-21
7084,Midwest,WI,Premium,2024-08-29
7085,Southeast,VA,Standard,2023-04-04
7086,Midwest,WI,Standard,2022-02-16
7087,Midwest,IL,Standard,2022-05-17
7088,West,NV,Standard,2024-08-29
7089,Northeast,MA,Premium,2023-02-22
7090,Northeast,MA,Standard,2023-01-24
7091,West,WA,Standard,2024-12-23
7092,Northeast,NY,Premium,2023-09-26
7093,Northeast,NY,Standard,2022-04-03
7094,Midwest,WI,Standard,2022-01-29
7095,Northeast,MA,Standard,2022-01-01
7096,Southeast,GA,Standard,2024-03-07
7097,West,CO,Standard,2024-01-03
7098,Midwest,WI,Premium,2024-02-05
7099,Midwest,MN,Premium,2022-06-04
7100,Midwest,IL,Standard,2022-09-20
7101,West,NV,Standard,2022-07-24
7102,Midwest,WI,Standard,2024-01-12
7103,Midwest,OH,Standard,2022-11-03
7104,Northeast,PA,Standard,2024-11-29
7105,Midwest,MI,Standard,2023-12-24
7106,Northeast,PA,Standard,2024-02-08
7107,Southwest,TX,Standard,2024-12-12
7108,Southeast,GA,Standard,2024-11-21
7109,Midwest,WI,Premium,2023-12-03
7110,Northeast,CT,Premium,2023-02-15
7111,Midwest,OH,Standard,2023-08-25
7112,Midwest,MI,Premium,2022-06-29
7113,Northeast,MA,Standard,2022-12-29
7114,Southwest,NM,Standard,2024-04-25
7115,West,OR,Standard,2024-08-11
7116,Southeast,FL,Premium,2022-10-28
7117,West,WA,Standard,2023-09-10
7118,Northeast,NY,Premium,2022-06-01
7119,Southeast,GA,Premium,2023-12-14
7120,Northeast,NJ,Standard,2022-12-13
7121,Southeast,VA,Standard,2024-12-24
7122,Northeast,MA,Standard,2022-01-01
7123,Midwest,MN,Standard,2022-03-07
7124,Southwest,OK,Standard,2022-06-17
7125,Midwest,MI,Premium,2022-01-30
7126,Southwest,AZ,Standard,2023-04-03
7127,Midwest,IL,Standard,2022-11-15
7128,Southeast,VA,Standard,2024-10-14
7129,Northeast,PA,Standard,2024-09-08
7130,West,CO,Standard,2024-05-03
7131,Southeast,NC,Standard,2024-11-20
7132,West,OR,Standard,2024-03-15
7133,Northeast,CT,Standard,2022-06-07
7134,Northeast,NJ,Standard,2022-11-23
7135,Southeast,GA,Premium,2024-06-17
7136,Southwest,TX,Standard,2022-12-24
7137,Southwest,NM,Premium,2023-08-24
7138,Southwest,AZ,Premium,2024-06-19
7139,Southwest,NM,Standard,2024-05-30
7140,Northeast,CT,Standard,2024-06-23
7141,Northeast,NY,Standard,2023-07-23
7142,Midwest,MN,Standard,2022-05-23
7143,Southeast,TN,Standard,2024-08-31
7144,Northeast,NJ,Standard,2023-10-17
7145,Midwest,MI,Standard,2024-12-27
7146,Southwest,AZ,Standard,2022-02-08
7147,Northeast,CT,Premium,2022-05-24
7148,Southwest,OK,Premium,2022-07-06
7149,Southeast,VA,Standard,2023-10-15
7150,Midwest,WI,Premium,2022-03-30
7151,Northeast,PA,Premium,2023-09-16
7152,Southwest,TX,Standard,2024-05-10
7153,Southeast,FL,Premium,2024-04-12
7154,West,OR,Standard,2022-11-20
7155,Midwest,MN,Standard,2023-01-05
7156,Midwest,MN,Premium,2024-07-25
7157,Northeast,PA,Premium,2023-01-04
7158,West,CO,Premium,2023-06-04
7159,West,NV,Standard,2024-01-18
7160,Southwest,OK,Standard,2022-06-20
7161,Southwest,AZ,Standard,2022-08-02
7162,Southeast,FL,Standard,2023-09-08
7163,Northeast,NJ,Premium,2024-04-18
7164,West,CO,Standard,2022-09-18
7165,West,OR,Premium,2023-08-07
7166,West,WA,Standard,2023-09-28
7167,Southeast,NC,Standard,2024-04-14
7168,Northeast,CT,Premium,2024-12-09
7169,Southwest,TX,Premium,2024-11-22
7170,Southeast,NC,Standard,2024-10-26
7171,Midwest,OH,Standard,2024-07-15
7172,Southwest,TX,Standard,2022-01-16
7173,Northeast,PA,Premium,2023-10-21
7174,Southeast,NC,Standard,2023-06-10
7175,West,OR,Standard,2023-01-24
7176,Midwest,MN,Premium,2022-12-01
7177,Midwest,IL,Premium,2022-03-14
7178,Southeast,GA,Standard,2022-07-22
7179,Southeast,TN,Standard,2024-10-11
7180,Southeast,VA,VIP,2022-06-16
7181,West,NV,VIP,2024-02-09
7182,West,CO,Premium,2023-03-23
7183,Midwest,OH,Standard,2024-06-17
7184,Northeast,NY,Standard,2024-01-04
7185,Northeast,NY,Standard,2022-08-25
7186,Southeast,TN,Standard,2024-12-12
7187,West,WA,Standard,2024-03-04
7188,Southwest,TX,Standard,2022-12-12
7189,Northeast,NY,Standard,2022-02-27
7190,Southeast,VA,Premium,2022-10-03
7191,West,NV,Standard,2023-05-22
7192,Southeast,FL,Standard,2023-07-07
7193,Midwest,MI,VIP,2024-03-11
7194,Southwest,AZ,Standard,2024-05-29
7195,Midwest,MN,Premium,2022-10-28
7196,Midwest,OH,Standard,2022-10-06
7197,Northeast,CT,VIP,2024-08-18
7198,Southeast,NC,Premium,2024-10-09
7199,Midwest,WI,Standard,2022-10-10
7200,West,OR,Premium,2024-08-04
7201,Southwest,TX,VIP,2023-11-03
7202,Southwest,OK,Premium,2023-05-24
7203,Northeast,NY,VIP,2024-12-10
7204,Midwest,OH,Standard,2023-07-09
7205,Southwest,NM,Premium,2023-12-18
7206,Southwest,OK,VIP,2024-01-03
7207,West,CO,Premium,2024-04-11
7208,Southwest,OK,Premium,2023-03-22
7209,Northeast,CT,Standard,2023-06-23
7210,Northeast,NJ,Standard,2023-10-24
7211,West,NV,Standard,2024-06-23
7212,Midwest,MN,Standard,2024-10-11
7213,Southwest,TX,Standard,2022-09-14
7214,Southeast,GA,Standard,2023-05-13
7215,Midwest,MI,Standard,2022-06-19
7216,Northeast,NY,Standard,2023-02-03
7217,Northeast,NJ,Standard,2023-09-27
7218,Southeast,FL,Standard,2022-10-18
7219,Southwest,AZ,Standard,2023-03-09
7220,Southwest,AZ,Standard,2024-01-06
7221,West,CO,Premium,2023-07-28
7222,Midwest,WI,Standard,2022-08-04
7223,Northeast,MA,Standard,2024-11-06
7224,Southeast,VA,Premium,2024-12-29
7225,Midwest,MN,Standard,2023-08-15
7226,Southeast,VA,Standard,2022-01-21
7227,Southeast,GA,Premium,2023-10-10
7228,Northeast,PA,Standard,2022-07-14
7229,West,NV,Standard,2022-03-09
7230,Southwest,AZ,Standard,2023-11-02
7231,West,NV,Standard,2022-06-22
7232,Southwest,AZ,Standard,2023-05-24
7233,West,NV,Standard,2024-07-05
7234,Midwest,IL,Standard,2024-11-23
7235,Northeast,MA,Standard,2024-03-07
7236,Southwest,AZ,Standard,2022-12-22
7237,Northeast,NY,Standard,2023-10-21
7238,Northeast,PA,Standard,2023-03-08
7239,West,NV,Standard,2022-09-26
7240,Northeast,NJ,Standard,2024-11-21
7241,Northeast,PA,Standard,2023-04-29
7242,Midwest,IL,Premium,2024-01-06
7243,West,NV,Premium,2022-07-17
7244,Northeast,NY,Standard,2023-03-21
7245,Northeast,NY,Standard,2022-09-26
7246,Northeast,PA,Premium,2022-12-09
7247,Northeast,NY,VIP,2022-01-15
7248,Southeast,VA,Standard,2023-12-22
7249,West,CA,Standard,2024-11-10
7250,West,CA,Premium,2022-01-06
7251,Northeast,MA,Premium,2022-03-29
7252,Midwest,MI,Standard,2023-05-24
7253,Northeast,PA,Standard,2024-02-12
7254,Southwest,TX,VIP,2023-05-23
7255,Southeast,TN,VIP,2023-05-26
7256,West,CO,Premium,2024-09-23
7257,West,CO,Standard,2024-06-29
7258,Southeast,VA,Standard,2022-01-26
7259,Northeast,CT,Standard,2022-09-05
7260,Midwest,MI,Standard,2022-06-05
7261,West,CO,Standard,2024-12-22
7262,Northeast,PA,Standard,2024-12-06
7263,Northeast,NJ,VIP,2023-11-02
7264,Southwest,TX,Premium,2022-02-15
7265,Midwest,IL,Standard,2022-12-06
7266,Southeast,TN,Premium,2024-10-22
7267,Northeast,MA,Standard,2022-11-03
7268,Midwest,IL,Standard,2024-11-08
7269,Midwest,MN,Premium,2024-03-04
7270,Midwest,MI,Standard,2022-06-09
7271,Northeast,NY,Premium,2023-02-23
7272,Southwest,AZ,Standard,2024-03-05
7273,Southeast,VA,Premium,2024-03-31
7274,Southwest,NM,Standard,2022-03-23
7275,Southeast,GA,Standard,2022-04-06
7276,Northeast,NY,Standard,2024-07-21
7277,Southwest,TX,Standard,2023-11-12
7278,Midwest,WI,Standard,2024-08-13
7279,West,CO,Standard,2024-08-29
7280,Southwest,OK,VIP,2022-12-27
7281,Southeast,VA,Standard,2024-08-05
7282,Southwest,AZ,Standard,2024-10-02
7283,Midwest,WI,Premium,2024-03-22
7284,West,OR,Standard,2023-10-30
7285,Midwest,MI,Premium,2024-07-18
7286,Midwest,MI,Standard,2024-03-17
7287,West,CA,Standard,2023-08-28
7288,Northeast,MA,Standard,2024-04-22
7289,Northeast,PA,Premium,2023-12-07
7290,West,WA,Standard,2022-03-22
7291,Northeast,NY,Standard,2024-08-11
7292,Southwest,TX,Standard,2024-12-13
7293,Southeast,FL,Standard,2024-09-15
7294,Southeast,FL,VIP,2024-10-11
7295,West,NV,Standard,2022-07-05
7296,West,NV,Standard,2023-02-01
7297,West,CO,Standard,2024-02-23
7298,Southwest,NM,Standard,2023-12-15
7299,Midwest,MN,Standard,2024-07-11
7300,West,CA,Standard,2022-01-06
7301,Southwest,NM,Standard,2023-08-01
7302,Southeast,TN,Standard,2022-01-13
7303,Southeast,VA,Standard,2023-09-28
7304,West,CA,Standard,2022-05-29
7305,Midwest,MN,Standard,2023-12-11
7306,Midwest,WI,Standard,2024-12-10
7307,West,CO,Standard,2022-02-15
7308,Midwest,MN,VIP,2023-11-17
7309,Southwest,AZ,Standard,2024-06-16
7310,Southeast,NC,Premium,2024-06-23
7311,Southeast,FL,Standard,2022-10-17
7312,West,WA,Standard,2023-01-14
7313,Southwest,AZ,Standard,2023-12-08
7314,Northeast,CT,Standard,2023-11-17
7315,Midwest,MN,Standard,2023-10-24
7316,West,OR,Premium,2022-06-12
7317,West,NV,Premium,2023-10-19
7318,Northeast,NY,Standard,2023-07-27
7319,Northeast,NY,VIP,2023-08-28
7320,Midwest,MN,VIP,2023-11-02
7321,Northeast,NY,Standard,2024-02-24
7322,Northeast,NY,Premium,2023-07-06
7323,Southwest,TX,Standard,2022-09-02
7324,Midwest,MN,Standard,2024-11-07
7325,West,CA,Standard,2024-08-17
7326,Midwest,MN,Standard,2022-01-25
7327,Midwest,WI,Premium,2023-07-04
7328,Southwest,OK,Standard,2024-08-26
7329,West,CA,VIP,2022-12-12
7330,Southwest,NM,Standard,2023-11-21
7331,Midwest,WI,VIP,2022-07-19
7332,Southeast,FL,Premium,2023-08-09
7333,Northeast,PA,VIP,2023-03-21
7334,Southeast,NC,Standard,2024-02-06
7335,West,OR,Standard,2024-02-01
7336,Southeast,VA,Premium,2024-07-06
7337,Midwest,MN,Premium,2024-06-12
7338,Southeast,GA,Standard,2022-02-09
7339,Southeast,GA,Standard,2022-03-22
7340,Southeast,VA,Premium,2022-06-09
7341,West,NV,Standard,2022-10-30
7342,Northeast,NJ,Standard,2023-08-01
7343,Southwest,OK,Standard,2024-10-30
7344,Southeast,VA,Standard,2023-02-15
7345,Southwest,TX,Standard,2023-08-07
7346,Northeast,MA,Standard,2023-06-09
7347,Southwest,TX,Standard,2022-10-10
7348,Midwest,OH,Standard,2022-03-07
7349,Southeast,FL,Standard,2024-12-17
7350,Southwest,NM,Premium,2023-02-15
7351,Northeast,CT,Standard,2022-02-26
7352,Southeast,FL,Standard,2023-09-23
7353,Southwest,OK,Premium,2023-12-09
7354,West,NV,Standard,2023-03-30
7355,Southeast,NC,Standard,2022-11-13
7356,Southeast,GA,Standard,2024-01-17
7357,West,CO,Standard,2022-09-26
7358,Southeast,TN,Standard,2024-03-30
7359,Southeast,VA,Standard,2022-05-17
7360,West,CA,Standard,2023-12-27
7361,Midwest,OH,Premium,2022-07-07
7362,Southwest,TX,Premium,2024-09-13
7363,West,WA,VIP,2024-01-07
7364,Midwest,MI,Premium,2024-01-28
7365,West,CO,Standard,2022-07-28
7366,West,OR,Standard,2023-03-19
7367,Southeast,GA,Standard,2022-11-03
7368,Northeast,PA,Standard,2023-08-20
7369,Southeast,GA,Premium,2022-06-28
7370,West,NV,VIP,2024-02-06
7371,Northeast,NY,Standard,2024-09-20
7372,Midwest,MI,Standard,2024-01-17
7373,Midwest,OH,Standard,2024-06-28
7374,West,CO,Standard,2022-01-06
7375,Southeast,GA,Standard,2022-02-03
7376,West,NV,Standard,2023-03-27
7377,Southeast,TN,Standard,2024-06-09
7378,Midwest,WI,Standard,2022-01-02
7379,Northeast,CT,Standard,2024-12-22
7380,Southeast,FL,Standard,2023-02-26
7381,Northeast,CT,Standard,2022-04-12
7382,Southwest,AZ,Standard,2023-05-20
7383,Midwest,MN,Premium,2022-03-03
7384,Midwest,WI,Standard,2023-10-12
7385,West,NV,Standard,2022-01-31
7386,Midwest,MN,Premium,2023-12-04
7387,West,WA,Premium,2022-05-26
7388,Southeast,GA,Standard,2023-03-09
7389,Southeast,NC,Standard,2024-05-05
7390,Southeast,GA,Premium,2022-09-28
7391,West,NV,Standard,2024-03-10
7392,Southeast,TN,Premium,2022-12-29
7393,Northeast,CT,Standard,2022-06-21
7394,West,OR,Premium,2024-04-27
7395,Southeast,TN,Standard,2022-04-12
7396,Southeast,VA,Standard,2022-05-19
7397,Northeast,PA,Standard,2024-11-22
7398,Midwest,OH,Standard,2023-04-02
7399,Southeast,FL,Standard,2022-01-24
7400,Northeast,PA,Premium,2023-10-09
7401,Southwest,OK,Standard,2024-04-27
7402,West,OR,Premium,2024-01-31
7403,Midwest,MI,Standard,2022-08-09
7404,West,WA,Standard,2023-04-26
7405,Northeast,NY,Premium,2022-06-08
7406,Northeast,MA,Standard,2023-07-23
7407,Southeast,FL,Standard,2022-05-01
7408,Midwest,OH,VIP,2024-11-24
7409,Northeast,NJ,Standard,2023-03-24
7410,Southwest,OK,Standard,2022-03-17
7411,Southeast,TN,Standard,2023-01-30
7412,Southwest,AZ,Standard,2023-01-08
7413,Southeast,GA,Standard,2024-06-15
7414,West,CO,Premium,2023-05-14
7415,Southwest,AZ,Premium,2024-12-06
7416,Northeast,NJ,Premium,2022-04-22
7417,Northeast,NY,Premium,2023-02-21
7418,Midwest,MN,Premium,2024-03-17
7419,Midwest,OH,Standard,2022-01-21
7420,Northeast,PA,Premium,2024-04-15
7421,Southwest,AZ,Standard,2023-04-02
7422,Southeast,NC,Standard,2022-09-30
7423,Midwest,WI,Premium,2022-11-29
7424,West,WA,Standard,2022-08-04
7425,Southwest,TX,Standard,2023-10-21
7426,Southwest,AZ,Standard,2024-11-19
7427,Southwest,AZ,Standard,2023-06-29
7428,Northeast,CT,Standard,2022-05-12
7429,Midwest,IL,Standard,2022-08-22
7430,West,WA,Premium,2024-09-02
7431,West,CA,Standard,2022-07-20
7432,Midwest,WI,Standard,2023-04-07
7433,Southwest,AZ,Premium,2024-10-06
7434,Northeast,PA,Standard,2024-07-31
7435,West,OR,VIP,2023-11-19
7436,Southeast,GA,Standard,2022-12-06
7437,Southeast,VA,Standard,2024-04-05
7438,Southeast,VA,Standard,2023-09-23
7439,Northeast,NJ,Premium,2023-10-17
7440,West,OR,Standard,2022-05-01
7441,Southwest,AZ,Standard,2022-07-08
7442,Northeast,CT,Standard,2023-07-26
7443,West,OR,Standard,2023-02-05
7444,Southwest,AZ,Premium,2023-03-25
7445,Midwest,MN,Standard,2024-05-24
7446,Midwest,WI,Standard,2024-09-11
7447,Southeast,FL,Standard,2024-05-26
7448,Northeast,CT,Standard,2023-01-22
7449,West,CO,Standard,2022-01-12
7450,Southwest,NM,Premium,2024-08-31
7451,Southeast,FL,VIP,2022-01-26
7452,Southwest,TX,VIP,2023-08-07
7453,West,OR,Standard,2022-10-19
7454,West,CO,Standard,2023-06-04
7455,Southeast,GA,Premium,2022-12-29
7456,Midwest,MI,Premium,2023-06-07
7457,Northeast,PA,Standard,2022-01-22
7458,Midwest,OH,Standard,2022-04-19
7459,Midwest,MI,Standard,2024-06-05
7460,West,CO,Standard,2024-04-12
7461,Midwest,IL,Standard,2022-04-06
7462,West,CO,Standard,2023-08-02
7463,Midwest,MI,Standard,2024-05-09
7464,Northeast,CT,Premium,2022-05-28
7465,Southeast,GA,Standard,2024-07-30
7466,Northeast,MA,Standard,2022-10-28
7467,Southeast,FL,Standard,2022-01-22
7468,West,OR,Premium,2022-04-23
7469,Southwest,NM,Standard,2022-11-22
7470,Southwest,NM,Premium,2022-12-24
7471,Southwest,OK,Premium,2022-06-14
7472,West,CA,VIP,2024-01-17
7473,Southwest,AZ,Standard,2022-11-14
7474,Midwest,MN,Standard,2023-04-17
7475,Northeast,CT,Standard,2023-07-13
7476,Southeast,TN,Standard,2024-12-27
7477,Southeast,TN,VIP,2023-09-27
7478,Southeast,VA,Standard,2022-01-26
7479,Midwest,OH,Premium,2022-05-22
7480,West,WA,Standard,2024-11-20
7481,Southeast,GA,Premium,2022-05-07
7482,Southwest,AZ,Standard,2022-04-25
7483,Southwest,OK,Standard,2024-01-12
7484,Southeast,GA,Standard,2022-10-30
7485,West,CA,Standard,2022-06-30
7486,West,NV,Standard,2022-12-17
7487,Northeast,CT,Premium,2024-11-16
7488,Southeast,FL,Premium,2022-09-13
7489,Northeast,MA,Standard,2024-09-11
7490,West,WA,Standard,2023-12-11
7491,Southwest,TX,Standard,2023-07-17
7492,Midwest,IL,Standard,2024-06-07
7493,Southwest,NM,Standard,2022-11-20
7494,Midwest,OH,Standard,2023-02-07
7495,West,WA,Standard,2022-01-12
7496,West,NV,Standard,2022-05-05
7497,Southeast,NC,Standard,2024-12-15
7498,Southeast,GA,Standard,2022-12-06
7499,Northeast,NY,Standard,2022-03-05
7500,Southeast,NC,Standard,2023-10-17
7501,Northeast,NJ,Standard,2022-09-21
7502,Midwest,OH,Standard,2022-04-23
7503,Northeast,MA,Standard,2023-08-15
7504,Midwest,WI,Premium,2023-05-26
7505,Midwest,OH,Standard,2023-02-10
7506,Midwest,WI,Standard,2023-01-03
7507,West,NV,VIP,2022-04-17
7508,West,OR,Standard,2022-07-03
7509,West,NV,Standard,2023-10-10
7510,West,NV,Standard,2023-01-03
7511,Midwest,MN,Standard,2024-09-01
7512,Northeast,NJ,Standard,2024-06-28
7513,Southeast,VA,Standard,2024-07-13
7514,Southeast,VA,Premium,2022-08-06
7515,Southeast,TN,Standard,2023-11-11
7516,Midwest,WI,Standard,2023-05-04
7517,Northeast,MA,Standard,2022-04-11
7518,West,OR,Standard,2024-06-20
7519,Southeast,FL,Premium,2023-08-02
7520,Southwest,TX,Standard,2022-09-21
7521,Southeast,FL,Standard,2024-01-05
7522,Southwest,TX,Standard,2022-09-13
7523,West,CO,Premium,2022-11-14
7524,Southeast,GA,Standard,2022-12-04
7525,Southeast,TN,Standard,2024-03-31
7526,Midwest,MN,Standard,2023-10-27
7527,Southwest,TX,Premium,2022-09-12
7528,Midwest,MN,VIP,2022-04-24
7529,Southeast,FL,Standard,2024-01-03
7530,Midwest,OH,Standard,2022-08-19
7531,Midwest,WI,Premium,2023-01-27
7532,Northeast,MA,Standard,2023-04-09
7533,West,CA,Premium,2024-06-04
7534,West,NV,Standard,2022-12-24
7535,West,CO,Standard,2022-08-11
7536,West,WA,Standard,2024-11-26
7537,Midwest,OH,VIP,2023-10-22
7538,Southwest,AZ,Premium,2022-02-05
7539,Midwest,OH,Standard,2023-05-13
7540,Southeast,FL,Standard,2023-04-28
7541,West,CA,Standard,2024-12-07
7542,West,CA,Standard,2023-05-14
7543,West,CO,VIP,2024-02-26
7544,Southwest,TX,Standard,2022-08-14
7545,Southeast,GA,Standard,2024-05-10
7546,West,OR,Standard,2024-12-23
7547,Northeast,PA,Standard,2023-09-09
7548,Southeast,VA,Standard,2024-03-06
7549,Midwest,IL,Standard,2024-06-04
7550,West,CO,Standard,2024-08-10
7551,Southwest,OK,Standard,2022-11-22
7552,Northeast,PA,Standard,2024-08-22
7553,West,CO,Standard,2023-05-28
7554,Southwest,NM,Standard,2022-02-20
7555,Northeast,CT,Standard,2023-12-18
7556,Midwest,MI,Standard,2024-11-23
7557,Northeast,NJ,Standard,2023-10-20
7558,West,WA,Standard,2024-02-04
7559,Southeast,NC,Standard,2024-06-30
7560,West,WA,Premium,2023-02-17
7561,Northeast,NJ,Standard,2023-10-12
7562,Southwest,OK,Standard,2022-02-03
7563,Midwest,IL,Standard,2023-05-29
7564,Midwest,OH,Standard,2024-09-10
7565,Northeast,MA,Premium,2022-04-29
7566,Midwest,IL,Standard,2024-04-13
7567,Midwest,MN,Premium,2022-09-12
7568,Midwest,WI,Standard,2022-03-13
7569,West,CO,Standard,2024-09-13
7570,Northeast,PA,Standard,2024-05-27
7571,Midwest,OH,Standard,2023-12-26
7572,Northeast,NJ,Premium,2022-09-04
7573,Midwest,MN,Standard,2023-07-27
7574,Southwest,NM,Standard,2023-03-21
7575,Northeast,CT,Premium,2023-10-11
7576,Southeast,NC,Standard,2024-11-06
7577,Southeast,FL,Standard,2022-09-19
7578,Midwest,IL,Standard,2022-02-13
7579,West,WA,Premium,2022-08-14
7580,Northeast,MA,Premium,2024-01-24
7581,Northeast,NJ,Standard,2024-04-07
7582,Southeast,TN,Standard,2023-02-06
7583,Northeast,NJ,Standard,2022-04-20
7584,Northeast,MA,Standard,2022-10-25
7585,West,CO,Standard,2022-07-03
7586,West,CO,Standard,2024-11-04
7587,Midwest,OH,Standard,2022-07-13
7588,Northeast,MA,Premium,2024-06-29
7589,Northeast,CT,Standard,2022-02-05
7590,Northeast,CT,Standard,2024-08-22
7591,West,OR,VIP,2024-07-03
7592,Southeast,NC,Standard,2023-02-28
7593,Southwest,AZ,Standard,2023-04-26
7594,Southeast,NC,Premium,2023-11-01
7595,Southeast,TN,Premium,2023-09-22
7596,Midwest,MN,Standard,2023-12-07
7597,Southeast,FL,Standard,2024-09-16
7598,Northeast,CT,Standard,2023-12-08
7599,Northeast,CT,Premium,2024-06-03
7600,Southwest,NM,Premium,2022-08-18
7601,Northeast,CT,VIP,2022-09-22
7602,Southwest,NM,Standard,2023-08-18
7603,West,OR,Standard,2023-02-03
7604,Northeast,PA,Premium,2023-02-09
7605,Southeast,NC,Standard,2024-09-12
7606,West,OR,Premium,2022-04-21
7607,Southwest,TX,Standard,2024-04-13
7608,Southwest,NM,Standard,2023-02-24
7609,Northeast,NY,Standard,2023-12-22
7610,Southeast,FL,Premium,2022-03-30
7611,Southwest,TX,Standard,2022-07-27
7612,Northeast,PA,Premium,2023-08-05
7613,Southwest,OK,Standard,2023-02-10
7614,Northeast,PA,Standard,2024-10-02
7615,West,NV,Standard,2024-06-25
7616,West,CO,Premium,2022-04-21
7617,West,CA,Standard,2023-02-04
7618,West,CA,Standard,2023-09-27
7619,Northeast,CT,Premium,2022-11-28
7620,West,NV,Standard,2024-06-02
7621,Northeast,NJ,Standard,2023-03-10
7622,Southeast,FL,Premium,2024-12-02
7623,Southeast,VA,Premium,2023-05-01
7624,Northeast,NJ,Standard,2023-09-14
7625,Southwest,NM,Standard,2022-03-21
7626,Midwest,MI,Standard,2024-08-25
7627,West,OR,Standard,2023-08-30
7628,West,CO,Standard,2022-07-15
7629,West,OR,VIP,2023-02-03
7630,West,OR,Standard,2023-09-03
7631,Northeast,NY,VIP,2022-02-17
7632,Northeast,MA,Standard,2022-03-29
7633,Southwest,OK,Standard,2023-06-15
7634,Southwest,TX,Standard,2022-10-14
7635,Northeast,PA,Standard,2022-06-07
7636,Northeast,PA,Standard,2023-10-07
7637,Northeast,NY,Standard,2023-09-09
7638,Southeast,TN,Standard,2022-06-27
7639,Southeast,GA,Standard,2023-11-18
7640,Southeast,GA,Standard,2024-12-28
7641,Southeast,NC,Standard,2022-09-25
7642,Midwest,MN,Standard,2023-05-05
7643,West,WA,Premium,2022-12-31
7644,Northeast,PA,Standard,2023-09-11
7645,Southeast,VA,Standard,2022-04-30
7646,Southeast,FL,Standard,2022-09-06
7647,West,CO,Standard,2023-02-23
7648,West,NV,Standard,2023-02-14
7649,Southeast,NC,Standard,2024-02-23
7650,Northeast,NY,Standard,2024-02-01
7651,Southwest,OK,Standard,2023-01-16
7652,West,CA,Standard,2022-11-06
7653,Midwest,IL,Standard,2024-05-06
7654,Southwest,AZ,Standard,2022-08-26
7655,Midwest,IL,Standard,2023-05-20
7656,Southeast,TN,Premium,2024-07-09
7657,Southwest,OK,Standard,2023-05-07
7658,Southeast,TN,Standard,2024-09-27
7659,Southeast,VA,Standard,2024-01-12
7660,Northeast,MA,VIP,2022-04-22
7661,Southeast,VA,Standard,2024-04-19
7662,Northeast,PA,Standard,2022-02-19
7663,Southeast,GA,Standard,2024-03-15
7664,West,NV,Standard,2022-08-07
7665,West,CO,Premium,2023-03-06
7666,Southeast,GA,VIP,2023-08-10
7667,Midwest,IL,Standard,2022-11-15
7668,Southwest,AZ,Standard,2022-03-27
7669,Southwest,TX,Standard,2022-04-04
7670,Southeast,TN,Standard,2024-12-12
7671,Southwest,NM,VIP,2024-06-24
7672,West,CA,Standard,2023-10-18
7673,Northeast,MA,Standard,2023-07-10
7674,Southwest,OK,Standard,2024-01-14
7675,Southeast,VA,Premium,2024-07-09
7676,West,CO,Standard,2022-03-17
7677,Southwest,OK,Standard,2023-04-27
7678,Southwest,NM,Standard,2023-08-23
7679,Northeast,NJ,Standard,2022-08-12
7680,Southwest,TX,VIP,2024-12-15
7681,Southwest,TX,Standard,2023-12-08
7682,West,OR,VIP,2024-01-07
7683,West,CO,Standard,2024-07-17
7684,Southeast,TN,Premium,2024-05-09
7685,Northeast,MA,Standard,2023-05-06
7686,Midwest,WI,Premium,2024-04-24
7687,Midwest,WI,VIP,2023-03-29
7688,Southwest,NM,Standard,2023-11-04
7689,Northeast,MA,Standard,2023-06-15
7690,Midwest,WI,Standard,2022-04-30
7691,Southeast,GA,Standard,2023-06-10
7692,Midwest,MN,Standard,2022-04-17
7693,West,CA,Standard,2022-09-13
7694,Southeast,VA,Standard,2022-02-28
7695,West,NV,Premium,2022-01-28
7696,Northeast,CT,Standard,2023-09-05
7697,Midwest,WI,Standard,2024-12-08
7698,Southeast,GA,Premium,2022-10-14
7699,Midwest,MI,Premium,2022-02-01
7700,Northeast,NY,Standard,2024-09-26
7701,Northeast,CT,Standard,2022-03-16
7702,Northeast,MA,Standard,2024-08-07
7703,Southeast,VA,Standard,2022-01-22
7704,Southeast,GA,Standard,2023-07-06
7705,West,CO,Standard,2022-10-02
7706,West,WA,VIP,2022-05-12
7707,West,CO,Standard,2022-07-25
7708,Midwest,WI,Premium,2024-09-01
7709,Northeast,PA,Standard,2024-01-15
7710,West,OR,Standard,2023-11-27
7711,Northeast,NY,Standard,2022-03-23
7712,Midwest,MN,Premium,2022-12-20
7713,Southeast,NC,Standard,2023-06-27
7714,Southeast,GA,Standard,2023-01-14
7715,Midwest,IL,VIP,2022-12-31
7716,Midwest,OH,Standard,2023-05-25
7717,Southwest,OK,Standard,2023-08-06
7718,West,WA,Standard,2023-05-06
7719,Southwest,TX,Standard,2023-01-09
7720,Southeast,FL,Premium,2022-02-05
7721,Northeast,CT,Standard,2023-09-22
7722,Southeast,NC,Standard,2022-12-07
7723,West,NV,Standard,2023-10-30
7724,Midwest,OH,Standard,2023-06-19
7725,Southeast,FL,Premium,2023-05-29
7726,Southwest,NM,Standard,2023-06-29
7727,Northeast,NY,Standard,2023-10-27
7728,Midwest,WI,Premium,2024-01-07
7729,Midwest,MI,Premium,2023-01-01
7730,Northeast,CT,VIP,2023-03-25
7731,West,CA,Premium,2022-08-25
7732,Midwest,IL,VIP,2022-06-26
7733,Northeast,NJ,Standard,2023-06-19
7734,West,NV,Standard,2023-08-23
7735,Southeast,FL,Premium,2022-02-24
7736,Southeast,NC,Premium,2022-07-13
7737,Southwest,TX,Standard,2022-02-05
7738,Southwest,AZ,Standard,2022-12-24
7739,West,CO,Standard,2022-09-13
7740,West,WA,Premium,2022-10-19
7741,West,WA,Standard,2022-06-28
7742,Northeast,NY,VIP,2024-07-21
7743,West,OR,Standard,2022-10-13
7744,West,NV,Standard,2024-08-15
7745,Southwest,OK,VIP,2022-08-12
7746,West,CA,VIP,2023-07-26
7747,Southwest,OK,Standard,2022-12-01
7748,Northeast,MA,Standard,2023-06-28
7749,Southeast,FL,Standard,2023-05-18
7750,West,OR,Standard,2023-06-01
7751,Southeast,NC,Standard,2022-04-09
7752,West,CA,Standard,2022-11-11
7753,Midwest,OH,Standard,2024-05-28
7754,Northeast,NY,Standard,2022-02-07
7755,West,CO,Standard,2022-03-07
7756,West,CO,Standard,2022-05-14
7757,Midwest,MN,Standard,2024-05-21
7758,Southwest,TX,Standard,2023-03-20
7759,Midwest,WI,Standard,2022-06-10
7760,West,NV,VIP,2022-07-28
7761,Southeast,FL,Premium,2022-07-21
7762,Southeast,VA,Standard,2022-08-19
7763,Midwest,MN,Standard,2023-04-19
7764,West,OR,Standard,2023-01-27
7765,Southwest,OK,Standard,2024-01-10
7766,Northeast,NJ,Standard,2023-06-05
7767,Northeast,NY,Premium,2023-12-31
7768,West,CA,Premium,2022-05-04
7769,West,CA,Standard,2023-11-16
7770,Midwest,OH,Standard,2022-06-23
7771,Midwest,WI,Standard,2022-08-04
7772,Midwest,WI,Standard,2024-06-21
7773,West,WA,Premium,2023-11-06
7774,Southeast,FL,Standard,2024-01-23
7775,Midwest,OH,Standard,2022-02-12
7776,West,OR,Premium,2023-12-10
7777,West,NV,Premium,2024-08-09
7778,Northeast,MA,VIP,2024-10-24
7779,Southeast,TN,Premium,2022-11-23
7780,Midwest,MN,Standard,2024-09-08
7781,Southeast,TN,Standard,2022-05-17
7782,Southwest,TX,Premium,2023-07-29
7783,Southwest,TX,Standard,2022-10-20
7784,West,NV,VIP,2022-01-15
7785,Southeast,VA,Standard,2023-11-12
7786,West,OR,Premium,2022-08-17
7787,Southeast,NC,Standard,2022-02-09
7788,West,CO,Standard,2022-11-14
7789,Midwest,MI,Standard,2022-09-19
7790,Southwest,NM,Standard,2024-11-13
7791,Northeast,NJ,Standard,2023-02-05
7792,Southwest,OK,Standard,2022-02-04
7793,Southeast,TN,Standard,2022-10-20
7794,Southwest,TX,Standard,2023-02-02
7795,Southeast,GA,Standard,2022-02-07
7796,Southwest,AZ,Standard,2023-03-02
7797,Southeast,NC,Standard,2023-01-14
7798,Midwest,MN,VIP,2024-12-09
7799,West,CO,Standard,2022-02-24
7800,Northeast,CT,Standard,2023-12-26
7801,Midwest,OH,Standard,2024-06-19
7802,Southwest,TX,Standard,2023-09-28
7803,West,WA,Standard,2024-07-01
7804,Midwest,MI,Standard,2023-09-18
7805,Northeast,NJ,Standard,2022-07-02
7806,West,NV,Standard,2022-04-17
7807,Southwest,TX,Standard,2024-08-20
7808,Midwest,MN,Standard,2022-11-17
7809,Southeast,FL,VIP,2022-04-01
7810,West,NV,Premium,2024-10-21
7811,West,NV,Standard,2024-02-23
7812,Midwest,IL,Standard,2023-12-18
7813,Southwest,AZ,Standard,2023-05-14
7814,Midwest,MN,Premium,2024-06-10
7815,Midwest,OH,Standard,2022-07-15
7816,Southeast,NC,Standard,2022-11-09
7817,West,CA,Standard,2023-08-29
7818,Midwest,MN,Standard,2024-03-25
7819,Midwest,MN,Standard,2024-07-08
7820,Southwest,OK,Standard,2023-12-24
7821,West,CO,Standard,2023-09-10
7822,Northeast,NJ,Standard,2023-04-10
7823,Northeast,NJ,Premium,2022-07-04
7824,West,OR,Standard,2024-10-16
7825,Southwest,AZ,Standard,2022-01-11
7826,Midwest,OH,Standard,2023-04-21
7827,Midwest,WI,VIP,2022-02-14
7828,Northeast,MA,Standard,2023-12-04
7829,West,NV,Standard,2024-05-30
7830,Southwest,AZ,Standard,2024-01-19
7831,Northeast,MA,Standard,2023-07-22
7832,Southwest,AZ,Standard,2023-11-25
7833,Southwest,NM,Standard,2024-01-28
7834,Southeast,NC,Standard,2023-06-26
7835,West,NV,Premium,2023-12-20
7836,Southeast,GA,Standard,2022-08-23
7837,Midwest,MN,Standard,2022-03-07
7838,West,CA,Standard,2023-07-04
7839,Northeast,CT,Standard,2023-06-05
7840,Southeast,NC,Standard,2024-07-19
7841,Southwest,AZ,Premium,2022-06-09
7842,Midwest,MI,Standard,2022-05-26
7843,Northeast,NY,Standard,2022-12-29
7844,Southwest,NM,Premium,2024-11-10
7845,Midwest,MI,VIP,2023-05-02
7846,West,OR,Standard,2023-09-27
7847,Southwest,TX,Standard,2022-12-06
7848,Southwest,TX,VIP,2023-08-31
7849,West,NV,Standard,2022-06-18
7850,Southwest,TX,Standard,2023-04-19
7851,West,CO,Premium,2024-04-22
7852,Southwest,NM,Standard,2023-03-29
7853,West,NV,Premium,2023-06-25
7854,West,OR,Standard,2023-07-10
7855,West,WA,Standard,2023-03-22
7856,Midwest,MI,Premium,2024-02-21
7857,West,NV,Standard,2022-10-19
7858,West,WA,VIP,2023-07-14
7859,Northeast,PA,Premium,2022-01-15
7860,West,OR,VIP,2023-09-15
7861,Southwest,TX,VIP,2024-09-29
7862,West,NV,Standard,2023-02-04
7863,West,OR,Standard,2022-06-04
7864,West,NV,Standard,2023-02-28
7865,West,WA,Premium,2023-01-10
7866,West,CO,Standard,2023-11-17
7867,Midwest,MN,Premium,2022-06-08
7868,Southeast,GA,Standard,2024-04-14
7869,Southwest,NM,Premium,2023-03-29
7870,Midwest,MI,Standard,2024-10-12
7871,Midwest,IL,Standard,2024-02-09
7872,Southeast,GA,Standard,2023-03-12
7873,Southwest,OK,Standard,2023-03-21
7874,West,NV,Standard,2024-06-07
7875,West,NV,Premium,2023-01-29
7876,Southwest,NM,Premium,2023-12-14
7877,Southwest,OK,Standard,2024-07-28
7878,West,WA,Standard,2024-03-07
7879,Southeast,GA,Standard,2024-07-19
7880,Southeast,TN,Standard,2023-06-21
7881,West,CO,Standard,2022-01-07
7882,Northeast,NJ,Standard,2024-09-17
7883,Northeast,MA,Standard,2023-12-03
7884,Northeast,NJ,Standard,2024-01-23
7885,West,CA,Standard,2022-03-01
7886,West,OR,VIP,2023-08-23
7887,Northeast,MA,Standard,2023-02-26
7888,West,CA,Standard,2024-07-12
7889,Midwest,MI,Standard,2022-01-05
7890,Southeast,GA,Standard,2024-04-05
7891,West,CO,Standard,2024-01-26
7892,Southwest,AZ,Standard,2024-02-29
7893,Southeast,NC,Standard,2023-05-11
7894,Southwest,OK,Standard,2023-04-09
7895,Southwest,AZ,Standard,2023-05-23
7896,West,OR,Standard,2023-12-25
7897,West,NV,Premium,2022-06-02
7898,West,CA,Premium,2023-12-24
7899,Southwest,OK,Standard,2023-07-22
7900,Northeast,PA,Premium,2023-09-13
7901,Northeast,NY,Premium,2024-05-09
7902,Northeast,MA,Standard,2024-12-24
7903,Southeast,NC,Standard,2023-11-24
7904,Midwest,WI,Standard,2022-08-18
7905,Southwest,OK,Standard,2024-06-12
7906,Southwest,NM,VIP,2024-10-15
7907,Midwest,OH,Standard,2023-03-31
7908,Southeast,VA,VIP,2023-10-08
7909,Southwest,OK,Standard,2023-07-25
7910,Midwest,MN,Standard,2024-10-26
7911,Midwest,MN,Premium,2023-09-22
7912,West,OR,Standard,2023-04-24
7913,Midwest,MN,Standard,2023-02-14
7914,Midwest,WI,VIP,2022-12-29
7915,Southwest,AZ,Standard,2023-12-03
7916,Southwest,AZ,Standard,2023-07-10
7917,Northeast,NY,Standard,2024-07-09
7918,Southwest,TX,Standard,2024-02-11
7919,Midwest,MI,Standard,2023-08-31
7920,West,OR,Standard,2024-03-19
7921,Southwest,NM,Standard,2023-08-24
7922,West,OR,VIP,2024-08-20
7923,Southwest,AZ,Standard,2023-03-30
7924,Northeast,MA,Standard,2022-03-23
7925,Southeast,VA,Standard,2022-06-24
7926,Southwest,NM,Premium,2024-01-14
7927,Southeast,TN,Standard,2022-04-06
7928,Southwest,OK,Standard,2024-02-07
7929,Southeast,FL,Standard,2023-04-10
7930,Southwest,AZ,Standard,2022-09-22
7931,Northeast,NY,Standard,2022-07-21
7932,Southeast,VA,Standard,2022-10-20
7933,Northeast,PA,Standard,2022-03-04
7934,Northeast,NJ,Standard,2024-03-18
7935,Southwest,OK,Standard,2022-10-14
7936,Northeast,MA,Premium,2023-03-23
7937,Midwest,MN,Standard,2022-05-19
7938,Southeast,TN,Standard,2023-01-04
7939,West,OR,Standard,2022-10-08
7940,Northeast,NJ,Standard,2024-07-10
7941,Southeast,NC,Standard,2024-12-06
7942,West,OR,VIP,2024-08-22
7943,West,CA,Standard,2024-06-30
7944,Midwest,OH,Standard,2023-06-05
7945,West,NV,Standard,2024-05-11
7946,Northeast,PA,Standard,2022-03-26
7947,Midwest,OH,Standard,2022-07-19
7948,Southeast,GA,Premium,2023-04-03
7949,Northeast,PA,Standard,2022-09-08
7950,Southeast,VA,Premium,2024-08-30
7951,Midwest,IL,Premium,2022-05-22
7952,Midwest,MI,Standard,2022-03-16
7953,Southeast,TN,Standard,2022-10-28
7954,West,CA,Standard,2022-07-18
7955,Northeast,CT,VIP,2023-12-25
7956,Northeast,PA,Premium,2024-08-27
7957,Northeast,NY,Premium,2023-09-25
7958,West,CA,Premium,2022-05-09
7959,Northeast,MA,Premium,2024-10-05
7960,Southwest,AZ,Standard,2023-01-20
7961,West,OR,Standard,2024-09-24
7962,Northeast,CT,Standard,2023-07-02
7963,West,OR,Standard,2023-11-21
7964,Northeast,CT,Premium,2022-04-21
7965,Northeast,NJ,Premium,2023-03-24
7966,Northeast,MA,Standard,2023-02-28
7967,Northeast,NY,Premium,2024-01-16
7968,West,CA,Premium,2024-03-20
7969,Northeast,CT,Standard,2024-12-26
7970,Southwest,AZ,Standard,2023-05-27
7971,Southwest,TX,Standard,2022-12-24
7972,Northeast,PA,Standard,2023-03-16
7973,Southeast,TN,Standard,2023-10-20
7974,Southwest,TX,Standard,2024-02-06
7975,West,OR,Standard,2024-04-11
7976,Midwest,IL,VIP,2024-02-27
7977,Southeast,GA,Standard,2022-04-23
7978,Southwest,TX,Standard,2024-01-20
7979,Southwest,TX,Standard,2024-04-20
7980,Midwest,IL,Standard,2022-10-29
7981,Midwest,MI,Standard,2024-11-29
7982,Southwest,AZ,Premium,2023-01-01
7983,Northeast,PA,Premium,2023-12-18
7984,West,CA,Standard,2022-12-25
7985,Southeast,NC,Standard,2024-06-24
7986,Southwest,OK,Premium,2023-02-04
7987,West,OR,Standard,2024-12-20
7988,Midwest,OH,Standard,2024-03-08
7989,West,NV,Standard,2022-08-20
7990,West,CO,Standard,2022-10-29
7991,Southwest,OK,Standard,2023-10-03
7992,Northeast,NY,Standard,2022-12-19
7993,Midwest,MN,Standard,2022-12-12
7994,Midwest,WI,VIP,2024-04-11
7995,Midwest,WI,Standard,2023-12-15
7996,Midwest,OH,Premium,2024-12-17
7997,West,NV,Standard,2024-10-09
7998,West,NV,Standard,2024-08-13
7999,Southwest,OK,Standard,2022-05-07
8000,Midwest,WI,Premium,2022-09-16
